descripcion;codigo;unidad;categoria;kg_per_m;m2_per_m
UPN 80;;m;UPN;8.64;0.34
UPN 100;;m;UPN;10.6;0.408
UPN 120;;m;UPN;13.4;0.46
UPN 140;;m;UPN;16.0;0.52
UPN 160;;m;UPN;18.8;0.58
UPN 180;;m;UPN;22.0;0.64
UPN 200;;m;UPN;25.3;0.7
UPN 220;;m;UPN;29.4;0.76
UPN 240;;m;UPN;33.2;0.82
UPN 260;;m;UPN;37.9;0.88
UPN 280;;m;UPN;41.8;0.94
UPN 300;;m;UPN;46.2;1.0
UPN 320;;m;UPN;59.5;1.04
UPN 400;;m;UPN;71.8;1.24
LPN 32x3,2;;m;PERFILES LPN;1.55;0.128
LPN 32x4,8;;m;PERFILES LPN;2.25;0.128
LPN 38x3,2;;m;PERFILES LPN;1.86;0.152
LPN 38x4,8;;m;PERFILES LPN;2.71;0.152
LPN 38x6,4;;m;PERFILES LPN;3.53;0.152
LPN 45x3,2;;m;PERFILES LPN;2.22;0.18
LPN 45x4,8;;m;PERFILES LPN;3.25;0.18
LPN 51x3,2;;m;PERFILES LPN;2.52;0.204
LPN 51x4,8;;m;PERFILES LPN;3.7;0.204
LPN 51x6,4;;m;PERFILES LPN;4.84;0.204
LPN 64x4,8;;m;PERFILES LPN;4.71;0.256
LPN 64x6,4;;m;PERFILES LPN;6.18;0.256
LPN 64x7,9;;m;PERFILES LPN;7.52;0.256
LPN 64x9,5;;m;PERFILES LPN;8.91;0.256
LPN 76x6,4;;m;PERFILES LPN;7.4;0.304
LPN 76x7,9;;m;PERFILES LPN;9.02;0.304
LPN 76x9,5;;m;PERFILES LPN;10.71;0.304
LPN 89x6,4;;m;PERFILES LPN;8.72;0.356
LPN 89x7,9;;m;PERFILES LPN;10.65;0.356
LPN 89x9,5;;m;PERFILES LPN;12.67;0.356
LPN 102x6.4;;m;PERFILES LPN;10.05;0.408
LPN 102x7,9;;m;PERFILES LPN;12.28;0.408
LPN 102x9,5;;m;PERFILES LPN;14.63;0.408
LPN 102x12,7;;m;PERFILES LPN;19.18;0.408
W 150 x 13,0;;m;Perfiles WI;13.0;0.696
W 150 x 13,5;;m;Perfiles WI;13.5;0.7
W 150 x 18,0;;m;Perfiles WI;18.0;0.714
W 150 x 24,0;;m;Perfiles WI;24.0;0.728
W 200 x 15,0;;m;Perfiles WI;15.0;0.8
W 200 x 19,3;;m;Perfiles WI;19.3;0.814
W 200 x 22,5;;m;Perfiles WI;22.5;0.82
W 200 x 26,6;;m;Perfiles WI;26.6;0.946
W 200 x 31,3;;m;Perfiles WI;31.3;0.956
W 250 x 17,9;;m;Perfiles WI;17.9;0.906
W 250 x 22,3;;m;Perfiles WI;22.3;0.916
W 250 x 25,3;;m;Perfiles WI;25.3;0.922
W 250 x 28,4;;m;Perfiles WI;28.4;0.928
W 250 x 32,7;;m;Perfiles WI;32.7;1.1
W 250 x 38,5;;m;Perfiles WI;38.5;1.112
W 250 x 44,8;;m;Perfiles WI;44.8;1.124
W 310 x 21,0;;m;Perfiles WI;21.0;1.01
W 310 x 23,8;;m;Perfiles WI;23.8;1.014
W 310 x 28,3;;m;Perfiles WI;28.3;1.026
W 310 x 32,7;;m;Perfiles WI;32.7;1.034
W 310 x 38,7;;m;Perfiles WI;38.7;1.28
W 310 x 44,5;;m;Perfiles WI;44.5;1.29
W 310 x 52,0;;m;Perfiles WI;52.0;1.302
W 360 x 32,9;;m;Perfiles WI;32.9;1.206
W 360 x 39,0;;m;Perfiles WI;39.0;1.218
W 360 x 44,0;;m;Perfiles WI;44.0;1.388
W 360 x 51,0;;m;Perfiles WI;51.0;1.394
W 360 x 57,8;;m;Perfiles WI;57.8;1.404
W 360 x 64,0;;m;Perfiles WI;64.0;1.506
W 360 x 72,0;;m;Perfiles WI;72.0;1.516
W 360 x 79,0;;m;Perfiles WI;79.0;1.528
W 410 x 38,8;;m;Perfiles WI;38.8;1.358
W 410 x 46,1;;m;Perfiles WI;46.1;1.366
W 410 x 53,0;;m;Perfiles WI;53.0;1.514
W 410 x 60,0;;m;Perfiles WI;60.0;1.526
W 410 x 67,0;;m;Perfiles WI;67.0;1.536
W 410 x 75,0;;m;Perfiles WI;75.0;1.546
W 410 x 85,0;;m;Perfiles WI;85.0;1.558
W 460 x 52,0;;m;Perfiles WI;52.0;1.508
W 460 x 60,0;;m;Perfiles WI;60.0;1.522
W 460 x 68,0;;m;Perfiles WI;68.0;1.534
W 460 x 74,0;;m;Perfiles WI;74.0;1.674
W 460 x 82,0;;m;Perfiles WI;82.0;1.684
W 460 x 89,0;;m;Perfiles WI;89.0;1.694
W 460 x 97,0;;m;Perfiles WI;97.0;1.704
W 460 x 106,0;;m;Perfiles WI;106.0;1.714
W 530 x 66,0;;m;Perfiles WI;66.0;1.71
W 530 x 72,0;;m;Perfiles WI;72.0;1.876
W 530 x 74,0;;m;Perfiles WI;74.0;1.722
W 530 x 82,0;;m;Perfiles WI;82.0;1.892
W 530 x 85,0;;m;Perfiles WI;85.0;1.734
W 530 x 92,0;;m;Perfiles WI;92.0;1.902
W 530 x 101,0;;m;Perfiles WI;101.0;1.914
W 530 x 109,0;;m;Perfiles WI;109.0;1.922
W 610 x 82,0;;m;Perfiles WI;82.0;1.91
W 610 x 101,0;;m;Perfiles WI;101.0;2.118
W 610 x 113,0;;m;Perfiles WI;113.0;2.128
W 610 x 125,0;;m;Perfiles WI;125.0;2.14
W 610 x 140,0;;m;Perfiles WI;140.0;2.154
W 610 x 155,0;;m;Perfiles WI;155.0;2.518
W 610 x 174,0;;m;Perfiles WI;174.0;2.532
W 150 x 22,5;;m;Perfiles WH;22.5;0.912
W 150 x 29,8;;m;Perfiles WH;29.8;0.926
W 150 x 37,1;;m;Perfiles WH;37.1;0.94
W 200 x 35,9 (H);;m;Perfiles WH;35.9;1.062
W 200 x 41,7 (H);;m;Perfiles WH;41.7;1.074
W 200 x 46,1 (H);;m;Perfiles WH;46.1;1.218
W 200 x 52,0 (H);;m;Perfiles WH;52.0;1.228
W 200 x 53,0 (H);;m;Perfiles WH;53.0;1.236
W 200 x 59,0 (H);;m;Perfiles WH;59.0;1.24
W 200 x 71,0;;m;Perfiles WH;71.0;1.256
W 200 x 86,0;;m;Perfiles WH;86.0;1.28
HP 250 x 62,0 (H);;m;Perfiles WH;62.0;1.516
W 250 x 73,0 (H);;m;Perfiles WH;73.0;1.522
W 250 x 80,0;;m;Perfiles WH;80.0;1.532
HP 250 x 85,0;;m;Perfiles WH;85.0;1.548
W 250 x 89,0 (H);;m;Perfiles WH;89.0;1.544
W 250 x 101,0 (H);;m;Perfiles WH;101.0;1.556
W 250 x 115,0 (H);;m;Perfiles WH;115.0;1.574
HP 310 x 79,0;;m;Perfiles WH;79.0;1.822
HP 310 x 93,0;;m;Perfiles WH;93.0;1.838
W 310 x 97,0;;m;Perfiles WH;97.0;1.836
W 310 x 107,0;;m;Perfiles WH;107.0;1.846
HP 310 x 110,0;;m;Perfiles WH;110.0;1.856
W 310 x 117,0;;m;Perfiles WH;117.0;1.856
HP 310 x 125,0;;m;Perfiles WH;125.0;1.872
W 360 x 91,0;;m;Perfiles WH;91.0;1.722
W 360 x 101,0;;m;Perfiles WH;101.0;1.734
W 360 x 110,0;;m;Perfiles WH;110.0;1.744
W 360 x 122,0;;m;Perfiles WH;122.0;1.754
IPE 80;;m;IPE;6.0317799999999995;0.344
IPE 100;;m;IPE;8.13185;0.42
IPE 120;;m;IPE;10.4214;0.496
IPE 140;;m;IPE;12.947799999999999;0.572
IPE 160;;m;IPE;15.86895;0.648
IPE 180;;m;IPE;18.86905;0.724
IPE 200;;m;IPE;22.50075;0.8
IPE 220;;m;IPE;26.3693;0.88
IPE 240;;m;IPE;30.86945;0.96
IPE 270;;m;IPE;36.23805;1.08
IPE 300;;m;IPE;42.4751;1.2
IPE 330;;m;IPE;49.4227;1.3
IPE 360;;m;IPE;57.39665;1.4
IPE 400;;m;IPE;66.71275;1.52
IPE 450;;m;IPE;78.0026;1.66
IPE 500;;m;IPE;91.582;1.8
IPE 550;;m;IPE;105.793;1.94
IPE 600;;m;IPE;122.3725;2.08
IPB 100;;m;IPB;20.527;0.6
IPB 120;;m;IPB;26.843;0.72
IPB 140;;m;IPB;33.9485;0.84
IPB 160;;m;IPB;42.86985;0.96
IPB 180;;m;IPB;51.55435;1.08
IPB 200;;m;IPB;61.65995;1.2
IPB 220;;m;IPB;71.8445;1.32
IPB 240;;m;IPB;83.687;1.44
IPB 260;;m;IPB;93.161;1.56
IPB 280;;m;IPB;103.4245;1.68
IPB 300;;m;IPB;117.6355;1.8
IPB 320;;m;IPB;127.1095;1.84
IPB 340;;m;IPB;135.0045;1.88
IPB 360;;m;IPB;142.8995;1.92
IPN 80;;m;IPN;5.976515;0.328
IPN 100;;m;IPN;8.3687;0.4
IPN 120;;m;IPN;11.2109;0.472
IPN 140;;m;IPN;14.3689;0.544
IPN 160;;m;IPN;18.0006;0.616
IPN 180;;m;IPN;22.02705;0.688
IPN 200;;m;IPN;26.3693;0.76
IPN 220;;m;IPN;31.18525;0.832
IPN 240;;m;IPN;36.39595;0.904
IPN 260;;m;IPN;42.08035;0.972
IPN 280;;m;IPN;48.1595;1.036
IPN 300;;m;IPN;54.4755;1.1
IPN 320;;m;IPN;61.34415;1.164
IPN 340;;m;IPN;68.44965;1.228
IPN 360;;m;IPN;76.5815;1.292
IPN 380;;m;IPN;84.4765;1.356
IPN 400;;m;IPN;93.161;1.42
IPN 450;;m;IPN;116.0565;1.58
IPN 500;;m;IPN;142.11;1.74
IPN 550;;m;IPN;168.1635;1.9
IPN 600;;m;IPN;200.533;2.06
TUBO 12,5x12,5x1,2;;m;TUBO RECTANGULAR/CUADRADO;0.425784;0.05
TUBO 12,5x12,5x1,6;;m;TUBO RECTANGULAR/CUADRADO;0.547616;0.05
TUBO 15x15x1,2;;m;TUBO RECTANGULAR/CUADRADO;0.519984;0.06
TUBO 15x145x1,6;;m;TUBO RECTANGULAR/CUADRADO;3.9388159999999997;0.32
TUBO 10x20x1,2;;m;TUBO RECTANGULAR/CUADRADO;0.519984;0.06
TUBO 10x20x1,6;;m;TUBO RECTANGULAR/CUADRADO;0.673216;0.06
TUBO 15x20x1,2;;m;TUBO RECTANGULAR/CUADRADO;0.614184;0.07
TUBO 15x20x1,6;;m;TUBO RECTANGULAR/CUADRADO;0.7988160000000001;0.07
TUBO 20x20x1,2;;m;TUBO RECTANGULAR/CUADRADO;0.7083840000000002;0.08
TUBO 20x20x1,6;;m;TUBO RECTANGULAR/CUADRADO;0.9244159999999999;0.08
TUBO 20x20x2;;m;TUBO RECTANGULAR/CUADRADO;1.1304;0.08
TUBO 15x25x1,2;;m;TUBO RECTANGULAR/CUADRADO;0.7083839999999999;0.08
TUBO 15x25x1,6;;m;TUBO RECTANGULAR/CUADRADO;0.9244159999999999;0.08
TUBO 15x25x2;;m;TUBO RECTANGULAR/CUADRADO;1.1304;0.08
TUBO 10x30x1,2;;m;TUBO RECTANGULAR/CUADRADO;0.7083839999999999;0.08
TUBO 10x30x1,6;;m;TUBO RECTANGULAR/CUADRADO;0.9244159999999999;0.08
TUBO 10x30x2;;m;TUBO RECTANGULAR/CUADRADO;1.1304;0.08
TUBO 25x25x1,2;;m;TUBO RECTANGULAR/CUADRADO;0.8967840000000001;0.1
TUBO 25x25x1,6;;m;TUBO RECTANGULAR/CUADRADO;1.1756159999999998;0.1
TUBO 25x25x2;;m;TUBO RECTANGULAR/CUADRADO;1.4444000000000001;0.1
TUBO 20x30x1,2;;m;TUBO RECTANGULAR/CUADRADO;0.8967840000000001;0.1
TUBO 20x30x1,6;;m;TUBO RECTANGULAR/CUADRADO;1.1756159999999998;0.1
TUBO 20x30x2;;m;TUBO RECTANGULAR/CUADRADO;1.4444000000000001;0.1
TUBO 30x30x1,2;;m;TUBO RECTANGULAR/CUADRADO;1.0851840000000001;0.12
TUBO 30x30x1,6;;m;TUBO RECTANGULAR/CUADRADO;1.4268159999999999;0.12
TUBO 30x30x2;;m;TUBO RECTANGULAR/CUADRADO;1.7584000000000002;0.12
TUBO 30x30x3,2;;m;TUBO RECTANGULAR/CUADRADO;2.692864;0.12
TUBO 20x40x1,2;;m;TUBO RECTANGULAR/CUADRADO;1.0851840000000001;0.12
TUBO 20x40x1,6;;m;TUBO RECTANGULAR/CUADRADO;1.4268159999999999;0.12
TUBO 20x40x2;;m;TUBO RECTANGULAR/CUADRADO;1.7584000000000002;0.12
TUBO 20x40x3,2;;m;TUBO RECTANGULAR/CUADRADO;2.692864;0.12
TUBO 35x35x1,2;;m;TUBO RECTANGULAR/CUADRADO;1.273584;0.14
TUBO 35x35x1,6;;m;TUBO RECTANGULAR/CUADRADO;1.6780160000000002;0.14
TUBO 35x35x2;;m;TUBO RECTANGULAR/CUADRADO;2.0724;0.14
TUBO 35x35x3,2;;m;TUBO RECTANGULAR/CUADRADO;3.1952640000000003;0.14
TUBO 30x40x1,2;;m;TUBO RECTANGULAR/CUADRADO;1.273584;0.14
TUBO 30x40x1,6;;m;TUBO RECTANGULAR/CUADRADO;1.6780160000000002;0.14
TUBO 30x40x2;;m;TUBO RECTANGULAR/CUADRADO;2.0724;0.14
TUBO 30x40x3,2;;m;TUBO RECTANGULAR/CUADRADO;3.1952640000000003;0.14
TUBO 20x50x1,2;;m;TUBO RECTANGULAR/CUADRADO;1.273584;0.14
TUBO 20x50x1,6;;m;TUBO RECTANGULAR/CUADRADO;1.6780160000000002;0.14
TUBO 20x50x2;;m;TUBO RECTANGULAR/CUADRADO;2.0724;0.14
TUBO 20x50x3,2;;m;TUBO RECTANGULAR/CUADRADO;3.1952640000000003;0.14
TUBO 40x40x1,2;;m;TUBO RECTANGULAR/CUADRADO;1.461984;0.16
TUBO 40x40x1,6;;m;TUBO RECTANGULAR/CUADRADO;1.9292159999999998;0.16
TUBO 40x40x2;;m;TUBO RECTANGULAR/CUADRADO;2.3864;0.16
TUBO 40x40x3,2;;m;TUBO RECTANGULAR/CUADRADO;3.6976639999999996;0.16
TUBO 40x40x4;;m;TUBO RECTANGULAR/CUADRADO;4.5216;0.16
TUBO 30x50x1,2;;m;TUBO RECTANGULAR/CUADRADO;1.461984;0.16
TUBO 30x50x1,6;;m;TUBO RECTANGULAR/CUADRADO;1.9292159999999998;0.16
TUBO 30x50x2;;m;TUBO RECTANGULAR/CUADRADO;2.3864;0.16
TUBO 30x50x3,2;;m;TUBO RECTANGULAR/CUADRADO;3.6976639999999996;0.16
TUBO 30x50x4;;m;TUBO RECTANGULAR/CUADRADO;4.5216;0.16
TUBO 20x60x1,2;;m;TUBO RECTANGULAR/CUADRADO;1.461984;0.16
TUBO 20x60x1,6;;m;TUBO RECTANGULAR/CUADRADO;1.9292159999999998;0.16
TUBO 20x60x2;;m;TUBO RECTANGULAR/CUADRADO;2.3864;0.16
TUBO 20x60x3,2;;m;TUBO RECTANGULAR/CUADRADO;3.6976639999999996;0.16
TUBO 20x60x4;;m;TUBO RECTANGULAR/CUADRADO;4.5216;0.16
TUBO 45x45x1,2;;m;TUBO RECTANGULAR/CUADRADO;1.6503840000000003;0.18
TUBO 45x45x1,6;;m;TUBO RECTANGULAR/CUADRADO;2.180416;0.18
TUBO 45x45x2;;m;TUBO RECTANGULAR/CUADRADO;2.7003999999999997;0.18
TUBO 45x45x3,2;;m;TUBO RECTANGULAR/CUADRADO;4.200064;0.18
TUBO 45x45x4;;m;TUBO RECTANGULAR/CUADRADO;5.1495999999999995;0.18
TUBO 30x60x1,2;;m;TUBO RECTANGULAR/CUADRADO;1.6503840000000003;0.18
TUBO 30x60x1,6;;m;TUBO RECTANGULAR/CUADRADO;2.180416;0.18
TUBO 30x60x2;;m;TUBO RECTANGULAR/CUADRADO;2.7003999999999997;0.18
TUBO 30x60x3,2;;m;TUBO RECTANGULAR/CUADRADO;4.200064;0.18
TUBO 30x60x4;;m;TUBO RECTANGULAR/CUADRADO;5.1495999999999995;0.18
TUBO 40x50x1,2;;m;TUBO RECTANGULAR/CUADRADO;1.6503840000000003;0.18
TUBO 40x50x1,6;;m;TUBO RECTANGULAR/CUADRADO;2.180416;0.18
TUBO 40x50x2;;m;TUBO RECTANGULAR/CUADRADO;2.7003999999999997;0.18
TUBO 40x50x3,2;;m;TUBO RECTANGULAR/CUADRADO;4.200064;0.18
TUBO 40x50x4;;m;TUBO RECTANGULAR/CUADRADO;5.1495999999999995;0.18
TUBO 50x50x1,2;;m;TUBO RECTANGULAR/CUADRADO;1.838784;0.2
TUBO 50x50x1,6;;m;TUBO RECTANGULAR/CUADRADO;2.4316159999999996;0.2
TUBO 50x50x2;;m;TUBO RECTANGULAR/CUADRADO;3.0143999999999997;0.2
TUBO 50x50x3,2;;m;TUBO RECTANGULAR/CUADRADO;4.702463999999999;0.2
TUBO 50x50x4;;m;TUBO RECTANGULAR/CUADRADO;5.7776000000000005;0.2
TUBO 50x50x4,75;;m;TUBO RECTANGULAR/CUADRADO;6.749037500000001;0.2
TUBO 50x50x6,35;;m;TUBO RECTANGULAR/CUADRADO;8.703373499999998;0.2
TUBO 40x60x1,2;;m;TUBO RECTANGULAR/CUADRADO;1.838784;0.2
TUBO 40x60x1,6;;m;TUBO RECTANGULAR/CUADRADO;2.4316159999999996;0.2
TUBO 40x60x2;;m;TUBO RECTANGULAR/CUADRADO;3.0143999999999997;0.2
TUBO 40x60x3,2;;m;TUBO RECTANGULAR/CUADRADO;4.702463999999999;0.2
TUBO 40x60x4;;m;TUBO RECTANGULAR/CUADRADO;5.7776000000000005;0.2
TUBO 40x60x4,75;;m;TUBO RECTANGULAR/CUADRADO;6.749037500000001;0.2
TUBO 40x60x6,35;;m;TUBO RECTANGULAR/CUADRADO;8.703373499999998;0.2
TUBO 30x70x1,2;;m;TUBO RECTANGULAR/CUADRADO;1.838784;0.2
TUBO 30x70x1,6;;m;TUBO RECTANGULAR/CUADRADO;2.4316159999999996;0.2
TUBO 30x70x2;;m;TUBO RECTANGULAR/CUADRADO;3.0143999999999997;0.2
TUBO 30x70x3,2;;m;TUBO RECTANGULAR/CUADRADO;4.702463999999999;0.2
TUBO 30x70x4;;m;TUBO RECTANGULAR/CUADRADO;5.7776000000000005;0.2
TUBO 30x70x4,75;;m;TUBO RECTANGULAR/CUADRADO;6.749037500000001;0.2
TUBO 30x70x6,35;;m;TUBO RECTANGULAR/CUADRADO;8.703373499999998;0.2
TUBO 60x60x1,2;;m;TUBO RECTANGULAR/CUADRADO;2.2155839999999998;0.24
TUBO 60x60x1,6;;m;TUBO RECTANGULAR/CUADRADO;2.9340159999999997;0.24
TUBO 60x60x2;;m;TUBO RECTANGULAR/CUADRADO;3.6424;0.24
TUBO 60x60x3,2;;m;TUBO RECTANGULAR/CUADRADO;5.7072639999999994;0.24
TUBO 60x60x4;;m;TUBO RECTANGULAR/CUADRADO;7.033600000000001;0.24
TUBO 60x60x4,75;;m;TUBO RECTANGULAR/CUADRADO;8.2405375;0.24
TUBO 60x60x6,35;;m;TUBO RECTANGULAR/CUADRADO;10.6972735;0.24
TUBO 40x80x1,2;;m;TUBO RECTANGULAR/CUADRADO;2.2155839999999998;0.24
TUBO 40x80x1,6;;m;TUBO RECTANGULAR/CUADRADO;2.9340159999999997;0.24
TUBO 40x80x2;;m;TUBO RECTANGULAR/CUADRADO;3.6424;0.24
TUBO 40x80x3,2;;m;TUBO RECTANGULAR/CUADRADO;5.7072639999999994;0.24
TUBO 40x80x4;;m;TUBO RECTANGULAR/CUADRADO;7.033600000000001;0.24
TUBO 40x80x4,75;;m;TUBO RECTANGULAR/CUADRADO;8.2405375;0.24
TUBO 40x80x6,35;;m;TUBO RECTANGULAR/CUADRADO;10.6972735;0.24
TUBO 70x70x1,2;;m;TUBO RECTANGULAR/CUADRADO;2.592384;0.28
TUBO 70x70x1,6;;m;TUBO RECTANGULAR/CUADRADO;3.4364160000000004;0.28
TUBO 70x70x2;;m;TUBO RECTANGULAR/CUADRADO;4.2704;0.28
TUBO 70x70x3,2;;m;TUBO RECTANGULAR/CUADRADO;6.712064000000001;0.28
TUBO 70x70x4;;m;TUBO RECTANGULAR/CUADRADO;8.2896;0.28
TUBO 70x70x4,75;;m;TUBO RECTANGULAR/CUADRADO;9.7320375;0.28
TUBO 70x70x6,35;;m;TUBO RECTANGULAR/CUADRADO;12.6911735;0.28
TUBO 40x100x1,2;;m;TUBO RECTANGULAR/CUADRADO;2.592384;0.28
TUBO 40x100x1,6;;m;TUBO RECTANGULAR/CUADRADO;3.4364160000000004;0.28
TUBO 50x100x2;;m;TUBO RECTANGULAR/CUADRADO;4.5844000000000005;0.3
TUBO 40x100x3,2;;m;TUBO RECTANGULAR/CUADRADO;6.712064000000001;0.28
TUBO 40x100x4;;m;TUBO RECTANGULAR/CUADRADO;8.2896;0.28
TUBO 40x100x4,75;;m;TUBO RECTANGULAR/CUADRADO;9.7320375;0.28
TUBO 40x100x6,35;;m;TUBO RECTANGULAR/CUADRADO;12.6911735;0.28
TUBO 80x80x1,6;;m;TUBO RECTANGULAR/CUADRADO;3.9388159999999997;0.32
TUBO 80x80x2;;m;TUBO RECTANGULAR/CUADRADO;4.8984000000000005;0.32
TUBO 80x80x3,2;;m;TUBO RECTANGULAR/CUADRADO;7.716863999999999;0.32
TUBO 80x80x4;;m;TUBO RECTANGULAR/CUADRADO;9.5456;0.32
TUBO 80x80x4,75;;m;TUBO RECTANGULAR/CUADRADO;11.223537499999999;0.32
TUBO 80x80x6,35;;m;TUBO RECTANGULAR/CUADRADO;14.685073499999998;0.32
TUBO 60x100x1,6;;m;TUBO RECTANGULAR/CUADRADO;3.9388159999999997;0.32
TUBO 60x100x2;;m;TUBO RECTANGULAR/CUADRADO;4.8984000000000005;0.32
TUBO 60x100x3,2;;m;TUBO RECTANGULAR/CUADRADO;7.716863999999999;0.32
TUBO 60x100x4;;m;TUBO RECTANGULAR/CUADRADO;9.5456;0.32
TUBO 60x100x4,75;;m;TUBO RECTANGULAR/CUADRADO;11.223537499999999;0.32
TUBO 60x100x6,35;;m;TUBO RECTANGULAR/CUADRADO;14.685073499999998;0.32
TUBO 40x120x1,6;;m;TUBO RECTANGULAR/CUADRADO;3.9388159999999997;0.32
TUBO 40x120x2;;m;TUBO RECTANGULAR/CUADRADO;4.8984000000000005;0.32
TUBO 40x120x3,2;;m;TUBO RECTANGULAR/CUADRADO;7.716863999999999;0.32
TUBO 40x120x4;;m;TUBO RECTANGULAR/CUADRADO;9.5456;0.32
TUBO 40x120x4,75;;m;TUBO RECTANGULAR/CUADRADO;11.223537499999999;0.32
TUBO 40x120x6,35;;m;TUBO RECTANGULAR/CUADRADO;14.685073499999998;0.32
TUBO 90x90x1,6;;m;TUBO RECTANGULAR/CUADRADO;4.441216;0.36
TUBO 90x90x2;;m;TUBO RECTANGULAR/CUADRADO;5.526400000000001;0.36
TUBO 90x90x3,2;;m;TUBO RECTANGULAR/CUADRADO;8.721664;0.36
TUBO 90x90x4;;m;TUBO RECTANGULAR/CUADRADO;10.801599999999999;0.36
TUBO 90x90x4,75;;m;TUBO RECTANGULAR/CUADRADO;12.715037500000005;0.36
TUBO 90x90x6,35;;m;TUBO RECTANGULAR/CUADRADO;16.678973499999998;0.36
TUBO 80x100x1,6;;m;TUBO RECTANGULAR/CUADRADO;4.441216;0.36
TUBO 80x100x2;;m;TUBO RECTANGULAR/CUADRADO;5.526400000000001;0.36
TUBO 80x100x3,2;;m;TUBO RECTANGULAR/CUADRADO;8.721664;0.36
TUBO 80x100x4;;m;TUBO RECTANGULAR/CUADRADO;10.801599999999999;0.36
TUBO 80x100x4,75;;m;TUBO RECTANGULAR/CUADRADO;12.715037500000005;0.36
TUBO 80x100x6,35;;m;TUBO RECTANGULAR/CUADRADO;16.678973499999998;0.36
TUBO 60x120x1,6;;m;TUBO RECTANGULAR/CUADRADO;4.441216;0.36
TUBO 60x120x2;;m;TUBO RECTANGULAR/CUADRADO;5.526400000000001;0.36
TUBO 60x120x3,2;;m;TUBO RECTANGULAR/CUADRADO;8.721664;0.36
TUBO 60x120x4;;m;TUBO RECTANGULAR/CUADRADO;10.801599999999999;0.36
TUBO 60x120x4,75;;m;TUBO RECTANGULAR/CUADRADO;12.715037500000005;0.36
TUBO 60x120x6,35;;m;TUBO RECTANGULAR/CUADRADO;16.678973499999998;0.36
TUBO 100x100x1,6;;m;TUBO RECTANGULAR/CUADRADO;4.943616;0.4
TUBO 100x100x2;;m;TUBO RECTANGULAR/CUADRADO;6.1544;0.4
TUBO 100x100x3,2;;m;TUBO RECTANGULAR/CUADRADO;9.726463999999998;0.4
TUBO 100x100x4;;m;TUBO RECTANGULAR/CUADRADO;12.057599999999999;0.4
TUBO 100x100x4,75;;m;TUBO RECTANGULAR/CUADRADO;14.2065375;0.4
TUBO 100x100x6,35;;m;TUBO RECTANGULAR/CUADRADO;18.672873499999998;0.4
TUBO 80x120x1,6;;m;TUBO RECTANGULAR/CUADRADO;4.943616;0.4
TUBO 80x120x2;;m;TUBO RECTANGULAR/CUADRADO;6.1544;0.4
TUBO 80x120x3,2;;m;TUBO RECTANGULAR/CUADRADO;9.726463999999998;0.4
TUBO 80x120x4;;m;TUBO RECTANGULAR/CUADRADO;12.057599999999999;0.4
TUBO 80x120x4,75;;m;TUBO RECTANGULAR/CUADRADO;14.2065375;0.4
TUBO 80x120x6,35;;m;TUBO RECTANGULAR/CUADRADO;18.672873499999998;0.4
TUBO 60x140x1,6;;m;TUBO RECTANGULAR/CUADRADO;4.943616;0.4
TUBO 60x140x2;;m;TUBO RECTANGULAR/CUADRADO;6.1544;0.4
TUBO 60x140x3,2;;m;TUBO RECTANGULAR/CUADRADO;9.726463999999998;0.4
TUBO 60x140x4;;m;TUBO RECTANGULAR/CUADRADO;12.057599999999999;0.4
TUBO 60x140x4,75;;m;TUBO RECTANGULAR/CUADRADO;14.2065375;0.4
TUBO 60x140x6,35;;m;TUBO RECTANGULAR/CUADRADO;18.672873499999998;0.4
TUBO 110x110x3,2;;m;TUBO RECTANGULAR/CUADRADO;10.731264;0.44
TUBO 110x110x4;;m;TUBO RECTANGULAR/CUADRADO;13.313600000000001;0.44
TUBO 110x110x4,75;;m;TUBO RECTANGULAR/CUADRADO;15.698037499999998;0.44
TUBO 110x110x6,35;;m;TUBO RECTANGULAR/CUADRADO;20.6667735;0.44
TUBO 80x140x3,2;;m;TUBO RECTANGULAR/CUADRADO;10.731264;0.44
TUBO 80x140x4;;m;TUBO RECTANGULAR/CUADRADO;13.313600000000001;0.44
TUBO 80x140x4,75;;m;TUBO RECTANGULAR/CUADRADO;15.698037499999998;0.44
TUBO 80x140x6,35;;m;TUBO RECTANGULAR/CUADRADO;20.6667735;0.44
TUBO 100x120x3,2;;m;TUBO RECTANGULAR/CUADRADO;10.731264;0.44
TUBO 100x120x4;;m;TUBO RECTANGULAR/CUADRADO;13.313600000000001;0.44
TUBO 100x120x4,75;;m;TUBO RECTANGULAR/CUADRADO;15.698037499999998;0.44
TUBO 100x120x6,35;;m;TUBO RECTANGULAR/CUADRADO;20.6667735;0.44
TUBO 120x120x3,2;;m;TUBO RECTANGULAR/CUADRADO;11.736063999999999;0.48
TUBO 120x120x4;;m;TUBO RECTANGULAR/CUADRADO;14.5696;0.48
TUBO 120x120x4,75;;m;TUBO RECTANGULAR/CUADRADO;17.1895375;0.48
TUBO 120x120x6,35;;m;TUBO RECTANGULAR/CUADRADO;22.6606735;0.48
TUBO 100x140x3,2;;m;TUBO RECTANGULAR/CUADRADO;11.736063999999999;0.48
TUBO 100x140x4;;m;TUBO RECTANGULAR/CUADRADO;14.5696;0.48
TUBO 100x140x4,75;;m;TUBO RECTANGULAR/CUADRADO;17.1895375;0.48
TUBO 100x140x6,35;;m;TUBO RECTANGULAR/CUADRADO;22.6606735;0.48
TUBO 110x140x3,2;;m;TUBO RECTANGULAR/CUADRADO;12.238463999999999;0.5
TUBO 110x140x4;;m;TUBO RECTANGULAR/CUADRADO;15.1976;0.5
TUBO 110x140x4,75;;m;TUBO RECTANGULAR/CUADRADO;17.9352875;0.5
TUBO 110x140x6,35;;m;TUBO RECTANGULAR/CUADRADO;23.6576235;0.5
TUBO 130x130x3,2;;m;TUBO RECTANGULAR/CUADRADO;12.740863999999998;0.52
TUBO 130x130x4;;m;TUBO RECTANGULAR/CUADRADO;15.825600000000001;0.52
TUBO 130x130x4,75;;m;TUBO RECTANGULAR/CUADRADO;18.6810375;0.52
TUBO 130x130x6,35;;m;TUBO RECTANGULAR/CUADRADO;24.654573499999998;0.52
TUBO 100x160x3,2;;m;TUBO RECTANGULAR/CUADRADO;12.740863999999998;0.52
TUBO 100x160x4;;m;TUBO RECTANGULAR/CUADRADO;15.825600000000001;0.52
TUBO 100x160x4,75;;m;TUBO RECTANGULAR/CUADRADO;18.6810375;0.52
TUBO 100x160x6,35;;m;TUBO RECTANGULAR/CUADRADO;24.654573499999998;0.52
TUBO 120x140x3,2;;m;TUBO RECTANGULAR/CUADRADO;12.740863999999998;0.52
TUBO 120x140x4;;m;TUBO RECTANGULAR/CUADRADO;15.825600000000001;0.52
TUBO 120x140x4,75;;m;TUBO RECTANGULAR/CUADRADO;18.6810375;0.52
TUBO 120x140x6,35;;m;TUBO RECTANGULAR/CUADRADO;24.654573499999998;0.52
TUBO 140x140x6,35;;m;TUBO RECTANGULAR/CUADRADO;26.6484735;0.56
TUBO 100x180x6,35;;m;TUBO RECTANGULAR/CUADRADO;26.6484735;0.56
TUBO 150x150x6,35;;m;TUBO RECTANGULAR/CUADRADO;28.642373499999994;0.6
TUBO 140x160x6,35;;m;TUBO RECTANGULAR/CUADRADO;28.642373499999994;0.6
TUBO 120x180x6,35;;m;TUBO RECTANGULAR/CUADRADO;28.642373499999994;0.6
TUBO 180x180x4,75;;m;TUBO RECTANGULAR/CUADRADO;26.138537499999998;0.72
TUBO 180x180x6,35;;m;TUBO RECTANGULAR/CUADRADO;34.6240735;0.72
TUBO 160x200x4,75;;m;TUBO RECTANGULAR/CUADRADO;26.138537499999998;0.72
TUBO 160x200x6,35;;m;TUBO RECTANGULAR/CUADRADO;34.6240735;0.72
TUBO 168xx6,35;;m;TUBO RECTANGULAR/CUADRADO;26.308890686369296;0.336
TUBO 219xx6,35;;m;TUBO RECTANGULAR/CUADRADO;34.29551821615996;0.438
TUBO 273xx9,27;;m;TUBO RECTANGULAR/CUADRADO;62.411110563274875;0.546
TUBO 323xx9,5;;m;TUBO RECTANGULAR/CUADRADO;75.6738199016912;0.646
TUBO 355xx9,5;;m;TUBO RECTANGULAR/CUADRADO;83.17091661021787;0.71
C 48x23x10x1,6;;m;PERFILES C;1.33;0.228
C 48x23x10x2;;m;PERFILES C;1.61;0.228
C 60x40x15x1,6;;m;PERFILES C;2.04;0.34
C 60x40x15x2;;m;PERFILES C;2.51;0.34
C 60x40x20x2,5;;m;PERFILES C;3.21;0.36
C 60x40x20x3,2;;m;PERFILES C;4.18;0.36
C 80x40x15x1,6;;m;PERFILES C;2.3;0.38
C 80x40x15x2;;m;PERFILES C;2.83;0.38
C 80x40x15x2,5;;m;PERFILES C;3.47;0.38
C 80x40x20x3,2;;m;PERFILES C;4.68;0.4
C 80x50x15x1,6;;m;PERFILES C;2.56;0.42
C 80x50x15x2;;m;PERFILES C;3.15;0.42
C 80x50x20x2,5;;m;PERFILES C;3.99;0.44
C 80x50x20x3,2;;m;PERFILES C;5.2;0.44
C 100x40x15x1,6;;m;PERFILES C;2.56;0.42
C 100x40x15x2;;m;PERFILES C;3.15;0.42
C 100x40x15x2,5;;m;PERFILES C;3.87;0.42
C 100x40x20x3,2;;m;PERFILES C;5.0;0.44
C 100x50x15x1,6;;m;PERFILES C;2.81;0.46
C 100x50x15x2;;m;PERFILES C;3.47;0.46
C 100x50x20x2,5;;m;PERFILES C;4.39;0.48
C 100x50x20x3,2;;m;PERFILES C;5.7;0.48
C 120x50x15x1,6;;m;PERFILES C;3.07;0.5
C 120x50x15x2;;m;PERFILES C;3.79;0.5
C 120x50x20x2,5;;m;PERFILES C;4.88;0.52
C 120x50x20x3,2;;m;PERFILES C;6.2;0.52
C 140x50x20x1,6;;m;PERFILES C;3.52;0.56
C 140x50x20x2;;m;PERFILES C;4.39;0.56
C 140x50x20x2,5;;m;PERFILES C;5.49;0.56
C 140x50x20x3,2;;m;PERFILES C;7.03;0.56
C 140x60x20x1,6;;m;PERFILES C;3.71;0.6
C 140x60x20x2;;m;PERFILES C;4.59;0.6
C 140x60x20x2,5;;m;PERFILES C;5.68;0.6
C 140x60x20x3,2;;m;PERFILES C;7.15;0.6
C 140x80x30x2;;m;PERFILES C;5.65;0.72
C 140x80x30x2,5;;m;PERFILES C;7.05;0.72
C 140x80x30x3,2;;m;PERFILES C;9.04;0.72
C 140x80x30x4,75;;m;PERFILES C;13.42;0.72
C 140x100x30x4,75;;m;PERFILES C;14.92;0.8
C 150x50x20x1,6;;m;PERFILES C;3.64;0.58
C 150x50x20x2;;m;PERFILES C;4.55;0.58
C 150x50x20x2,5;;m;PERFILES C;5.69;0.58
C 150x50x20x3,2;;m;PERFILES C;7.28;0.58
C 160x50x20x1,6;;m;PERFILES C;3.76;0.6
C 160x50x20x2;;m;PERFILES C;4.71;0.6
C 160x50x20x2,5;;m;PERFILES C;5.88;0.6
C 160x50x20x3,2;;m;PERFILES C;7.53;0.6
C 160x60x20x1,6;;m;PERFILES C;4.02;0.64
C 160x60x20x2;;m;PERFILES C;4.91;0.64
C 160x60x20x2,5;;m;PERFILES C;6.08;0.64
C 160x60x20x3,2;;m;PERFILES C;7.66;0.64
C 160x80x30x4,75;;m;PERFILES C;14.16;0.76
C 160x100x30x4,75;;m;PERFILES C;15.66;0.84
C 180x70x25x2;;m;PERFILES C;5.59;0.74
C 180x70x25x2,5;;m;PERFILES C;6.95;0.74
C 180x70x25x3,2;;m;PERFILES C;8.78;0.74
C 180x80x30x2;;m;PERFILES C;6.28;0.8
C 180x80x30x2,5;;m;PERFILES C;7.85;0.8
C 180x80x30x3,2;;m;PERFILES C;10.05;0.8
C 180x80x30x4,75;;m;PERFILES C;14.92;0.8
C 180x100x30x4,75;;m;PERFILES C;16.4;0.88
C 200x60x20x2;;m;PERFILES C;5.65;0.72
C 200x60x20x2,5;;m;PERFILES C;7.06;0.72
C 200x60x20x3,2;;m;PERFILES C;9.04;0.72
C 200x80x30x2;;m;PERFILES C;6.59;0.84
C 200x80x30x2,5;;m;PERFILES C;8.24;0.84
C 200x80x30x3,2;;m;PERFILES C;10.55;0.84
C 200x80x30x4,75;;m;PERFILES C;15.66;0.84
C 200x100x30x3,2;;m;PERFILES C;11.55;0.92
C 200x100x30x4,75;;m;PERFILES C;17.15;0.92
C 220x80x30x2;;m;PERFILES C;6.91;0.88
C 220x80x30x2,5;;m;PERFILES C;8.64;0.88
C 220x80x30x3,2;;m;PERFILES C;11.05;0.88
C 220x80x30x4,75;;m;PERFILES C;16.41;0.88
C 220x100x30x3,2;;m;PERFILES C;12.06;0.96
C 220x100x30x4,75;;m;PERFILES C;17.9;0.96
C 240x80x30x2,5;;m;PERFILES C;9.03;0.92
C 240x80x30x3,2;;m;PERFILES C;11.56;0.92
C 240x80x30x4,75;;m;PERFILES C;17.15;0.92
C 240x100x30x3,2;;m;PERFILES C;12.56;1.0
C 240x100x30x4,75;;m;PERFILES C;18.64;1.0
C 260x80x30x2,5;;m;PERFILES C;9.42;0.96
C 260x80x30x3,2;;m;PERFILES C;12.06;0.96
C 260x80x30x4,75;;m;PERFILES C;17.9;0.96
C 260x100x30x3,2;;m;PERFILES C;13.06;1.04
C 260x100x30x4,75;;m;PERFILES C;19.39;1.04
C 280x80x30x2,5;;m;PERFILES C;9.81;1.0
C 280x80x30x3,2;;m;PERFILES C;12.56;1.0
C 280x80x30x4,75;;m;PERFILES C;18.64;1.0
C 280x100x30x2,5;;m;PERFILES C;10.6;1.08
C 280x100x30x3,2;;m;PERFILES C;13.56;1.08
C 280x100x30x4,75;;m;PERFILES C;20.14;1.08
C 300x80x30x2,5;;m;PERFILES C;10.21;1.04
C 300x80x30x3,2;;m;PERFILES C;13.06;1.04
C 300x80x30x4,75;;m;PERFILES C;19.39;1.04
C 300x90x30x2,5;;m;PERFILES C;10.6;1.08
C 300x90x30x3,2;;m;PERFILES C;13.56;1.08
C 300x90x30x4,75;;m;PERFILES C;20.14;1.08
C 300x100x35x3,2;;m;PERFILES C;14.32;1.14
C 300x100x35x4,75;;m;PERFILES C;21.25;1.14
C 320x80x35x3,2;;m;PERFILES C;13.82;1.1
C 320x80x35x4,75;;m;PERFILES C;20.51;1.1
C 320x100x35x3,2;;m;PERFILES C;14.82;1.18
C 320x100x35x4,75;;m;PERFILES C;22.0;1.18
C 340x80x35x3,2;;m;PERFILES C;14.32;1.14
C 340x80x35x4,75;;m;PERFILES C;21.25;1.14
C 340x100x35x3,2;;m;PERFILES C;15.32;1.22
C 340x100x35x4,75;;m;PERFILES C;22.75;1.22
C 360x80x35x3,2;;m;PERFILES C;14.82;1.18
C 360x80x35x4,75;;m;PERFILES C;22.0;1.18
C 360x100x35x3,2;;m;PERFILES C;15.83;1.26
C 360x100x35x4,75;;m;PERFILES C;23.49;1.26
C 380x80x35x3,2;;m;PERFILES C;15.32;1.22
C 380x80x35x4,75;;m;PERFILES C;22.75;1.22
C 380x100x35x3,2;;m;PERFILES C;16.33;1.3
C 380x100x35x4,75;;m;PERFILES C;24.24;1.3
C 400x80x35x3,2;;m;PERFILES C;15.83;1.26
C 400x80x35x4,75;;m;PERFILES C;23.49;1.26
C 400x100x35x3,2;;m;PERFILES C;16.83;1.34
C 400x100x35x4,75;;m;PERFILES C;24.98;1.34
C 420x80x35x3,2;;m;PERFILES C;16.33;1.3
C 420x80x35x4,75;;m;PERFILES C;24.24;1.3
C 420x100x35x3,2;;m;PERFILES C;17.33;1.38
C 420x100x35x4,75;;m;PERFILES C;25.73;1.38
C 440x80x35x3,2;;m;PERFILES C;16.83;1.34
C 440x80x35x4,75;;m;PERFILES C;24.98;1.34
C 440x100x35x3,2;;m;PERFILES C;17.84;1.42
C 440x100x35x4,75;;m;PERFILES C;26.47;1.42
C 460x80x35x3,2;;m;PERFILES C;17.33;1.38
C 460x80x35x4,75;;m;PERFILES C;25.73;1.38
C 460x100x35x3,2;;m;PERFILES C;18.34;1.46
C 460x100x35x4,75;;m;PERFILES C;27.22;1.46
C 480x80x35x3,2;;m;PERFILES C;17.84;1.42
C 480x80x35x4,75;;m;PERFILES C;26.47;1.42
C 480x100x35x3,2;;m;PERFILES C;18.84;1.5
C 480x100x35x4,75;;m;PERFILES C;27.97;1.5
C 500x80x30x4,75;;m;PERFILES C;26.85;1.44
C 500x100x35x4,75;;m;PERFILES C;28.71;1.54
U 40x30x1,6;;m;PERFILES U;1.26;0.2
U 40x30x2;;m;PERFILES U;1.57;0.2
U 40x30x2,5;;m;PERFILES U;1.96;0.2
U 40x30x3,2;;m;PERFILES U;2.51;0.2
U 50x35x1,6;;m;PERFILES U;1.51;0.24
U 50x35x2;;m;PERFILES U;1.88;0.24
U 50x35x2,5;;m;PERFILES U;2.36;0.24
U 50x35x3,2;;m;PERFILES U;3.01;0.24
U 50x35x4,75;;m;PERFILES U;4.47;0.24
U 60x40x1,6;;m;PERFILES U;1.66;0.28
U 60x40x2;;m;PERFILES U;2.08;0.28
U 60x40x2,5;;m;PERFILES U;2.39;0.28
U 60x40x3,2;;m;PERFILES U;3.52;0.28
U 60x40x4,75;;m;PERFILES U;5.22;0.28
U 80x40x1,6;;m;PERFILES U;1.98;0.32
U 80x40x2;;m;PERFILES U;2.46;0.32
U 80x40x2,5;;m;PERFILES U;3.04;0.32
U 80x40x3,2;;m;PERFILES U;4.02;0.32
U 80x40x4,75;;m;PERFILES U;5.97;0.32
U 80x50x1,6;;m;PERFILES U;2.21;0.36
U 80x50x2;;m;PERFILES U;2.78;0.36
U 80x50x2,5;;m;PERFILES U;3.41;0.36
U 80x50x3,2;;m;PERFILES U;4.52;0.36
U 80x50x4,75;;m;PERFILES U;6.71;0.36
U 100x50x1,6;;m;PERFILES U;2.49;0.4
U 100x50x2;;m;PERFILES U;3.1;0.4
U 100x50x2,5;;m;PERFILES U;3.84;0.4
U 100x50x3,2;;m;PERFILES U;4.85;0.4
U 100x50x4,75;;m;PERFILES U;7.15;0.4
U 120x50x1,6;;m;PERFILES U;2.75;0.44
U 120x50x2;;m;PERFILES U;3.42;0.44
U 120x50x2,5;;m;PERFILES U;4.24;0.44
U 120x50x3,2;;m;PERFILES U;5.37;0.44
U 120x50x4,75;;m;PERFILES U;8.2;0.44
U 140x60x1,6;;m;PERFILES U;3.26;0.52
U 140x60x2;;m;PERFILES U;4.06;0.52
U 140x60x2,5;;m;PERFILES U;5.04;0.52
U 140x60x3,2;;m;PERFILES U;6.39;0.52
U 140x60x4,75;;m;PERFILES U;9.29;0.52
U 140x80x3,2;;m;PERFILES U;7.54;0.6
U 140x80x4,75;;m;PERFILES U;11.19;0.6
U 140x80x6,35;;m;PERFILES U;14.95;0.6
U 140x100x3,2;;m;PERFILES U;8.54;0.68
U 140x100x4,75;;m;PERFILES U;12.68;0.68
U 140x100x6,35;;m;PERFILES U;16.95;0.68
U 160x60x2;;m;PERFILES U;4.38;0.56
U 160x60x2,5;;m;PERFILES U;5.44;0.56
U 160x60x3,2;;m;PERFILES U;6.9;0.56
U 160x60x4,75;;m;PERFILES U;10.05;0.56
U 160x80x3,2;;m;PERFILES U;8.04;0.64
U 160x80x4,75;;m;PERFILES U;11.93;0.64
U 160x80x6,35;;m;PERFILES U;15.95;0.64
U 170x50x2;;m;PERFILES U;4.24;0.54
U 170x50x2,5;;m;PERFILES U;5.3;0.54
U 170x50x3,2;;m;PERFILES U;6.78;0.54
U 170x50x4,75;;m;PERFILES U;10.07;0.54
U 180x60x2;;m;PERFILES U;4.71;0.6
U 180x60x2,5;;m;PERFILES U;5.89;0.6
U 180x60x3,2;;m;PERFILES U;7.54;0.6
U 180x60x4,75;;m;PERFILES U;11.19;0.6
U 180x70x2;;m;PERFILES U;5.02;0.64
U 180x70x2,5;;m;PERFILES U;6.24;0.64
U 180x70x3,2;;m;PERFILES U;8.09;0.64
U 180x70x4,75;;m;PERFILES U;11.58;0.64
U 180x80x3,2;;m;PERFILES U;8.54;0.68
U 180x80x4,75;;m;PERFILES U;12.68;0.68
U 180x80x6,35;;m;PERFILES U;16.95;0.68
U 180x100x3,2;;m;PERFILES U;9.55;0.76
U 180x100x4,75;;m;PERFILES U;14.17;0.76
U 180x100x6,35;;m;PERFILES U;18.94;0.76
U 190x50x2;;m;PERFILES U;4.55;0.58
U 190x50x2,5;;m;PERFILES U;5.69;0.58
U 190x50x3,2;;m;PERFILES U;7.28;0.58
U 190x50x4,75;;m;PERFILES U;10.81;0.58
U 200x60x2,5;;m;PERFILES U;6.28;0.64
U 200x60x3,2;;m;PERFILES U;8.04;0.64
U 200x60x4,75;;m;PERFILES U;11.93;0.64
U 200x60x6,35;;m;PERFILES U;15.95;0.64
U 200x80x2,5;;m;PERFILES U;7.04;0.72
U 200x80x3,2;;m;PERFILES U;8.95;0.72
U 200x80x4,75;;m;PERFILES U;12.85;0.72
U 200x80x6,35;;m;PERFILES U;17.24;0.72
U 200x100x3,2;;m;PERFILES U;10.05;0.8
U 200x100x4,75;;m;PERFILES U;14.92;0.8
U 200x100x6,35;;m;PERFILES U;19.94;0.8
U 220x80x2,5;;m;PERFILES U;7.44;0.76
U 220x80x3,2;;m;PERFILES U;9.47;0.76
U 220x80x4,75;;m;PERFILES U;13.34;0.76
U 220x80x6,35;;m;PERFILES U;18.97;0.76
U 220x100x3,2;;m;PERFILES U;10.55;0.84
U 220x100x4,75;;m;PERFILES U;15.66;0.84
U 220x100x6,35;;m;PERFILES U;20.94;0.84
U 240x80x2,5;;m;PERFILES U;7.84;0.8
U 240x80x3,2;;m;PERFILES U;9.98;0.8
U 240x80x4,75;;m;PERFILES U;14.62;0.8
U 240x80x6,35;;m;PERFILES U;19.28;0.8
U 240x100x3,2;;m;PERFILES U;11.05;0.88
U 240x100x4,75;;m;PERFILES U;16.41;0.88
U 240x100x6,35;;m;PERFILES U;21.93;0.88
U 260x80x2,5;;m;PERFILES U;8.24;0.84
U 260x80x3,2;;m;PERFILES U;10.49;0.84
U 260x80x4,75;;m;PERFILES U;15.08;0.84
U 260x80x6,35;;m;PERFILES U;20.29;0.84
U 260x100x3,2;;m;PERFILES U;11.56;0.92
U 260x100x4,75;;m;PERFILES U;17.15;0.92
U 260x100x6,35;;m;PERFILES U;22.93;0.92
U 280x80x2,5;;m;PERFILES U;8.64;0.88
U 280x80x3,2;;m;PERFILES U;11.0;0.88
U 280x80x4,75;;m;PERFILES U;16.14;0.88
U 280x80x6,35;;m;PERFILES U;21.93;0.88
U 280x100x3,2;;m;PERFILES U;12.06;0.96
U 280x100x4,75;;m;PERFILES U;17.9;0.96
U 280x100x6,35;;m;PERFILES U;23.93;0.96
U 300x80x4,75;;m;PERFILES U;17.15;0.92
U 300x80x6,35;;m;PERFILES U;22.93;0.92
U 300x90x4,75;;m;PERFILES U;17.66;0.96
U 300x90x6,35;;m;PERFILES U;23.34;0.96
U 300x100x4,75;;m;PERFILES U;18.64;1.0
U 300x100x6,35;;m;PERFILES U;24.92;1.0
U 320x80x4,75;;m;PERFILES U;17.9;0.96
U 320x80x6,35;;m;PERFILES U;23.93;0.96
U 320x90x4,75;;m;PERFILES U;18.64;1.0
U 320x90x6,35;;m;PERFILES U;24.92;1.0
U 320x100x4,75;;m;PERFILES U;19.39;1.04
U 320x100x6,35;;m;PERFILES U;25.92;1.04
U 340x80x6,35;;m;PERFILES U;24.92;1.0
U 340x90x4,75;;m;PERFILES U;19.39;1.04
U 340x90x6,35;;m;PERFILES U;25.92;1.04
U 340x100x4,75;;m;PERFILES U;20.14;1.08
U 340x100x6,35;;m;PERFILES U;26.92;1.08
U 360x80x4,75;;m;PERFILES U;19.39;1.04
U 360x80x6,35;;m;PERFILES U;25.92;1.04
U 360x90x4,75;;m;PERFILES U;20.14;1.08
U 360x90x6,35;;m;PERFILES U;26.92;1.08
U 380x80x4,75;;m;PERFILES U;20.14;1.08
U 380x80x6,35;;m;PERFILES U;26.92;1.08
U 380x90x4,75;;m;PERFILES U;20.88;1.12
U 380x90x6,35;;m;PERFILES U;27.91;1.12
U 380x100x4,75;;m;PERFILES U;21.63;1.16
U 380x100x6,35;;m;PERFILES U;28.91;1.16
U 400x80x4,75;;m;PERFILES U;20.88;1.12
U 400x80x6,35;;m;PERFILES U;27.91;1.12
U 400x90x4,75;;m;PERFILES U;21.63;1.16
U 400x90x6,35;;m;PERFILES U;28.91;1.16
U 400x100x4,75;;m;PERFILES U;22.37;1.2
U 400x100x6,35;;m;PERFILES U;29.91;1.2
U 420x80x4,75;;m;PERFILES U;21.63;1.16
U 420x80x6,35;;m;PERFILES U;28.91;1.16
U 420x90x4,75;;m;PERFILES U;22.37;1.2
U 420x90x6,35;;m;PERFILES U;29.91;1.2
U 420x100x4,75;;m;PERFILES U;23.12;1.24
U 420x100x6,35;;m;PERFILES U;30.91;1.24
U 440x80x4,75;;m;PERFILES U;22.37;1.2
U 440x80x6,35;;m;PERFILES U;29.91;1.2
U 440x90x4,75;;m;PERFILES U;23.12;1.24
U 440x90x6,35;;m;PERFILES U;30.91;1.24
U 440x100x4,75;;m;PERFILES U;23.86;1.28
U 440x100x6,35;;m;PERFILES U;31.9;1.28
U 460x90x4,75;;m;PERFILES U;23.86;1.28
U 460x90x6,35;;m;PERFILES U;31.9;1.28
U 480x90x4,75;;m;PERFILES U;24.61;1.32
U 480x90x6,35;;m;PERFILES U;32.9;1.32
U 500x80x4,75;;m;PERFILES U;24.61;1.32
U 500x80x6,35;;m;PERFILES U;32.9;1.32
U 500x90x4,75;;m;PERFILES U;25.36;1.36
U 500x90x6,35;;m;PERFILES U;33.9;1.36
U 500x100x4,75;;m;PERFILES U;26.1;1.4
U 500x100x6,35;;m;PERFILES U;34.89;1.4
U 520x80x4,75;;m;PERFILES U;25.36;1.36
U 520x80x6,35;;m;PERFILES U;33.9;1.36
U 520x90x4,75;;m;PERFILES U;26.1;1.4
U 520x90x6,35;;m;PERFILES U;34.89;1.4
U 520x100x4,75;;m;PERFILES U;26.85;1.44
U 520x100x6,35;;m;PERFILES U;35.89;1.44
U 540x80x4,75;;m;PERFILES U;26.1;1.4
U 540x80x6,35;;m;PERFILES U;34.89;1.4
U 540x90x4,75;;m;PERFILES U;26.85;1.44
U 540x90x6,35;;m;PERFILES U;35.89;1.44
U 540x100x4,75;;m;PERFILES U;27.59;1.48
U 540x100x6,35;;m;PERFILES U;36.89;1.48
U 560x80x4,75;;m;PERFILES U;26.85;1.44
U 560x80x6,35;;m;PERFILES U;35.89;1.44
U 560x90x4,75;;m;PERFILES U;27.59;1.48
U 560x90x6,35;;m;PERFILES U;36.89;1.48
U 560x100x4,75;;m;PERFILES U;28.34;1.52
U 560x100x6,35;;m;PERFILES U;37.88;1.52
U 580x80x4,75;;m;PERFILES U;27.59;1.48
U 580x80x6,35;;m;PERFILES U;36.89;1.48
U 580x90x4,75;;m;PERFILES U;28.34;1.52
U 580x90x6,35;;m;PERFILES U;37.88;1.52
U 580x100x4,75;;m;PERFILES U;29.08;1.56
U 580x100x6,35;;m;PERFILES U;38.88;1.56
U 600x90x4,75;;m;PERFILES U;29.08;1.56
U 600x90x6,35;;m;PERFILES U;38.88;1.56
U 600x100x4,75;;m;PERFILES U;29.83;1.6
U 600x100x6,35;;m;PERFILES U;39.88;1.6
ANG PL 25,4x2;;m;Angulo Plegado;0.75;0.1016
ANG PL 25,4x2,5;;m;Angulo Plegado;0.92;0.1016
ANG PL 25,4x3,2;;m;Angulo Plegado;1.14;0.1016
ANG PL 25,4x4,75;;m;Angulo Plegado;1.62;0.1016
ANG PL 31,8x2;;m;Angulo Plegado;0.95;0.1272
ANG PL 31,8x2,5;;m;Angulo Plegado;1.17;0.1272
ANG PL 31,8x3,2;;m;Angulo Plegado;1.47;0.1272
ANG PL 31,8x4,75;;m;Angulo Plegado;2.1;0.1272
ANG PL 38,1x2;;m;Angulo Plegado;1.14;0.1524
ANG PL 38,1x2,5;;m;Angulo Plegado;1.41;0.1524
ANG PL 38,1x3,2;;m;Angulo Plegado;1.78;0.1524
ANG PL 38,1x4,75;;m;Angulo Plegado;2.57;0.1524
ANG PL 44,5x2;;m;Angulo Plegado;1.35;0.178
ANG PL 44,5x2,5;;m;Angulo Plegado;1.67;0.178
ANG PL 44,5x3,2;;m;Angulo Plegado;2.1;0.178
ANG PL 44,5x4,75;;m;Angulo Plegado;3.06;0.178
ANG PL 50,8x2;;m;Angulo Plegado;1.54;0.2032
ANG PL 50,8x2,5;;m;Angulo Plegado;1.91;0.2032
ANG PL 50,8x3,2;;m;Angulo Plegado;2.42;0.2032
ANG PL 50,8x4,75;;m;Angulo Plegado;3.53;0.2032
ANG PL 50,8x6,35;;m;Angulo Plegado;4.58;0.2032
ANG PL 57,2x2;;m;Angulo Plegado;1.74;0.2288
ANG PL 57,2x2,5;;m;Angulo Plegado;2.16;0.2288
ANG PL 57,2x3,2;;m;Angulo Plegado;2.74;0.2288
ANG PL 57,2x4,75;;m;Angulo Plegado;4.01;0.2288
ANG PL 57,2x6,35;;m;Angulo Plegado;5.22;0.2288
ANG PL 63,5x2;;m;Angulo Plegado;1.94;0.254
ANG PL 63,5x2,5;;m;Angulo Plegado;2.41;0.254
ANG PL 63,5x3,2;;m;Angulo Plegado;3.06;0.254
ANG PL 63,5x4,75;;m;Angulo Plegado;4.49;0.254
ANG PL 63,5x6,35;;m;Angulo Plegado;5.85;0.254
ANG PL 76,2x2;;m;Angulo Plegado;2.34;0.3048
ANG PL 76,2x2,5;;m;Angulo Plegado;2.91;0.3048
ANG PL 76,2x3,2;;m;Angulo Plegado;3.7;0.3048
ANG PL 76,2x4,75;;m;Angulo Plegado;5.44;0.3048
ANG PL 76,2x6,35;;m;Angulo Plegado;7.13;0.3048
ANG PL 88,9x2;;m;Angulo Plegado;2.74;0.3556
ANG PL 88,9x2,5;;m;Angulo Plegado;3.41;0.3556
ANG PL 88,9x3,2;;m;Angulo Plegado;4.33;0.3556
ANG PL 88,9x4,75;;m;Angulo Plegado;6.4;0.3556
ANG PL 88,9x6,35;;m;Angulo Plegado;8.4;0.3556
ANG PL 101,6x2;;m;Angulo Plegado;3.14;0.4064
ANG PL 101,6x2,5;;m;Angulo Plegado;3.91;0.4064
ANG PL 101,6x3,2;;m;Angulo Plegado;4.97;0.4064
ANG PL 101,6x4,75;;m;Angulo Plegado;7.36;0.4064
ANG PL 101,6x6,35;;m;Angulo Plegado;9.68;0.4064
TUBO C DIAM 12,70 x 0,70;;m;Tubos;0.20715661957771095;0.039898
TUBO C DIAM 12,70 x 0,90;;m;Tubos;0.26190515475182025;0.039898
TUBO C DIAM 12,70 x 1,25;;m;Tubos;0.35296775210785575;0.039898
TUBO C DIAM 12,70 x 1,60;;m;Tubos;0.4379882813928746;0.039898
TUBO C DIAM 15,87 x 0,70;;m;Tubos;0.2618804932494896;0.049857
TUBO C DIAM 15,87 x 0,90;;m;Tubos;0.3322644209012499;0.049857
TUBO C DIAM 15,87 x 1,25;;m;Tubos;0.4506889550931748;0.049857
TUBO C DIAM 15,87 x 1,60;;m;Tubos;0.5630714212140829;0.049857
TUBO C DIAM 19,05 x 0,70;;m;Tubos;0.31677699743758303;0.059847
TUBO C DIAM 19,05 x 0,90;;m;Tubos;0.4028456405716557;0.059847
TUBO C DIAM 19,05 x 1,25;;m;Tubos;0.5487184268576273;0.059847
TUBO C DIAM 19,05 x 1,60;;m;Tubos;0.6885491450725821;0.059847
TUBO C DIAM 22,22 x 0,70;;m;Tubos;0.3715008711093616;0.069806
TUBO C DIAM 22,22 x 0,90;;m;Tubos;0.47320490672108545;0.069806
TUBO C DIAM 22,22 x 1,25;;m;Tubos;0.6464396298429462;0.069806
TUBO C DIAM 22,22 x 1,60;;m;Tubos;0.8136322848937906;0.069806
TUBO C DIAM 22,22 x 2,00;;m;Tubos;0.9973111542526942;0.069806
TUBO C DIAM 25,40 x 0,70;;m;Tubos;0.4263973752974551;0.079796
TUBO C DIAM 25,40 x 0,90;;m;Tubos;0.5437861263914914;0.079796
TUBO C DIAM 25,40 x 1,25;;m;Tubos;0.7444691016073988;0.079796
TUBO C DIAM 25,40 x 1,60;;m;Tubos;0.9391100087522897;0.079796
TUBO C DIAM 25,40 x 2,00;;m;Tubos;1.1541583090758183;0.079796
TUBO C DIAM 25,40 x 2,50;;m;Tubos;1.411871008431423;0.079796
TUBO C DIAM 31,75 x 0,90;;m;Tubos;0.6847266122113268;0.099746
TUBO C DIAM 31,75 x 1,25;;m;Tubos;0.9402197763571701;0.099746
TUBO C DIAM 31,75 x 1,60;;m;Tubos;1.189670872431997;0.099746
TUBO C DIAM 31,75 x 2,00;;m;Tubos;1.4673593886754526;0.099746
TUBO C DIAM 31,75 x 2,50;;m;Tubos;1.8033723579309655;0.099746
TUBO C DIAM 31,75 x 3,20;;m;Tubos;2.2530748529309133;0.099746
TUBO C DIAM 38,10 x 0,90;;m;Tubos;0.8256670980311622;0.119695
TUBO C DIAM 38,10 x 1,25;;m;Tubos;1.1359704511069417;0.119695
TUBO C DIAM 38,10 x 1,60;;m;Tubos;1.4402317361117045;0.119695
TUBO C DIAM 38,10 x 2,00;;m;Tubos;1.7805604682750873;0.119695
TUBO C DIAM 38,10 x 2,50;;m;Tubos;2.194873707430509;0.119695
TUBO C DIAM 38,10 x 3,20;;m;Tubos;2.7541965802903285;0.119695
TUBO C DIAM 44,45 x 0,90;;m;Tubos;0.966607583850998;0.139644
TUBO C DIAM 44,45 x 1,25;;m;Tubos;1.3317211258567134;0.139644
TUBO C DIAM 44,45 x 1,60;;m;Tubos;1.6907925997914124;0.139644
TUBO C DIAM 44,45 x 2,00;;m;Tubos;2.0937615478747214;0.139644
TUBO C DIAM 44,45 x 2,50;;m;Tubos;2.586375056930052;0.139644
TUBO C DIAM 44,45 x 3,20;;m;Tubos;3.255318307649744;0.139644
TUBO C DIAM 50,80 x 0,90;;m;Tubos;1.1075480696708333;0.159593
TUBO C DIAM 50,80 x 1,25;;m;Tubos;1.5274718006064847;0.159593
TUBO C DIAM 50,80 x 1,60;;m;Tubos;1.9413534634711198;0.159593
TUBO C DIAM 50,80 x 2,00;;m;Tubos;2.406962627474356;0.159593
TUBO C DIAM 50,80 x 2,50;;m;Tubos;2.977876406429595;0.159593
TUBO C DIAM 50,80 x 3,20;;m;Tubos;3.7564400350091587;0.159593
TUBO C DIAM 57,15 x 0,90;;m;Tubos;1.2484885554906686;0.179542
TUBO C DIAM 57,15 x 1,25;;m;Tubos;1.7232224753562562;0.179542
TUBO C DIAM 57,15 x 1,60;;m;Tubos;2.191914327150828;0.179542
TUBO C DIAM 57,15 x 2,00;;m;Tubos;2.720163707073991;0.179542
TUBO C DIAM 57,15 x 2,50;;m;Tubos;3.369377755929138;0.179542
TUBO C DIAM 57,15 x 3,20;;m;Tubos;4.2575617623685735;0.179542
TUBO C DIAM 63,50 x 1,25;;m;Tubos;1.9189731501060279;0.199491
TUBO C DIAM 63,50 x 1,60;;m;Tubos;2.442475190830535;0.199491
TUBO C DIAM 63,50 x 2,00;;m;Tubos;3.0333647866736246;0.199491
TUBO C DIAM 63,50 x 2,50;;m;Tubos;3.7608791054286805;0.199491
TUBO C DIAM 63,50 x 3,20;;m;Tubos;4.758683489727988;0.199491
TUBO C DIAM 63,50 x 4,00;;m;Tubos;5.86943755470181;0.199491
TUBO C DIAM 76,20 x 1,60;;m;Tubos;2.94359691818995;0.239389
TUBO C DIAM 76,20 x 2,00;;m;Tubos;3.6597669458728936;0.239389
TUBO C DIAM 76,20 x 2,50;;m;Tubos;4.543881804427767;0.239389
TUBO C DIAM 76,20 x 3,20;;m;Tubos;5.760926944446818;0.239389
TUBO C DIAM 76,20 x 4,00;;m;Tubos;7.122241873100349;0.239389
TUBO C DIAM 76,20 x 4,76;;m;Tubos;8.386252378157947;0.239389
TUBO C DIAM 88,90 x 2,50;;m;Tubos;5.326884503426854;0.279288
TUBO C DIAM 88,90 x 3,20;;m;Tubos;6.7631703991656495;0.279288
TUBO C DIAM 88,90 x 4,00;;m;Tubos;8.375046191498885;0.279288
TUBO C DIAM 88,90 x 4,76;;m;Tubos;9.877089517052209;0.279288
TUBO C DIAM 88,90 x 5,50;;m;Tubos;11.312231119082861;0.279288
TUBO C DIAM 88,90 x 6,35;;m;Tubos;12.927374560474911;0.279288
TUBO C DIAM 101,60 x 2,00;;m;Tubos;4.912571264271432;0.319186
TUBO C DIAM 101,60 x 2,50;;m;Tubos;6.109887202425939;0.319186
TUBO C DIAM 101,60 x 3,20;;m;Tubos;7.765413853884479;0.319186
TUBO C DIAM 101,60 x 3,60;;m;Tubos;8.700578022263862;0.319186
TUBO C DIAM 101,60 x 4,00;;m;Tubos;9.627850509897424;0.319186
TUBO C DIAM 101,60 x 4,76;;m;Tubos;11.367926655946468;0.319186
TUBO C DIAM 101,60 x 5,50;;m;Tubos;13.034837056880848;0.319186
TUBO C DIAM 101,60 x 6,35;;m;Tubos;14.916201415932589;0.319186
TUBO C DIAM 114,30 x 3,20;;m;Tubos;8.767657308603312;0.359084
TUBO C DIAM 114,30 x 4,80;;m;Tubos;12.96208562500534;0.359084
TUBO C DIAM 114,30 x 6,02;;m;Tubos;16.07549178364342;0.359084
TUBO C DIAM 114,30 x 8,56;;m;Tubos;22.321974115178534;0.359084
TUBO C DIAM 114,30 x 12,70;;m;Tubos;31.821229687322862;0.359084
TUBO C DIAM 127,00 x 2,50;;m;Tubos;7.6758926004241115;0.398982
TUBO C DIAM 127,00 x 3,20;;m;Tubos;9.76990076332214;0.398982
TUBO C DIAM 127,00 x 4,00;;m;Tubos;12.133459146694499;0.398982
TUBO C DIAM 127,00 x 4,76;;m;Tubos;14.349600933734985;0.398982
TUBO C DIAM 127,00 x 5,50;;m;Tubos;16.480048932476826;0.398982
TUBO C DIAM 127,00 x 6,35;;m;Tubos;18.893855126847942;0.398982
TUBO C DIAM 152,00 x 4,75;;m;Tubos;17.249179536414907;0.477522
TUBO C DIAM 168,30 x 3,20;;m;Tubos;13.029164911344793;0.52873
TUBO C DIAM 168,30 x 4,00;;m;Tubos;16.207539331722817;0.52873
TUBO C DIAM 168,30 x 4,76;;m;Tubos;19.19775635391868;0.52873
TUBO C DIAM 168,30 x 5,50;;m;Tubos;22.081909186890762;0.52873
TUBO C DIAM 168,30 x 6,35;;m;Tubos;25.361457420580397;0.52873
TUBO C DIAM 168,30 x 7,10;;m;Tubos;28.225582647509732;0.52873
TUBO C DIAM 219,10 x 4,00;;m;Tubos;21.218756605316965;0.688323
TUBO C DIAM 219,10 x 4,76;;m;Tubos;25.16110490949572;0.688323
TUBO C DIAM 219,10 x 5,50;;m;Tubos;28.972332938082726;0.688323
TUBO C DIAM 219,10 x 6,35;;m;Tubos;33.31676484241111;0.688323
TUBO C DIAM 219,10 x 7,95;;m;Tubos;41.3978459261283;0.688323
TUBO C DIAM 219,10 x 9,53;;m;Tubos;49.25400424398874;0.688323
TUBO C DIAM 219,10 x 11,10;;m;Tubos;56.938476581073694;0.688323
TUBO C DIAM 219,10 x 12,70;;m;Tubos;64.64470282936455;0.688323
TUBO C DIAM 273,00 x 6,35;;m;Tubos;41.757533937621254;0.857655
TUBO C DIAM 273,00 x 7,95;;m;Tubos;51.96542298233628;0.857655
TUBO C DIAM 273,00 x 9,53;;m;Tubos;61.921804161682076;0.857655
TUBO C DIAM 273,00 x 11,10;;m;Tubos;71.69320681049616;0.857655
TUBO C DIAM 273,00 x 12,70;;m;Tubos;81.52624101978483;0.857655
TUBO C DIAM 323,80 x 6,35;;m;Tubos;49.71284135945198;1.017248
TUBO C DIAM 323,80 x 7,95;;m;Tubos;61.92521731360465;1.017248
TUBO C DIAM 323,80 x 9,53;;m;Tubos;73.86102931602014;1.017248
TUBO C DIAM 323,80 x 11,10;;m;Tubos;85.59933474471993;1.017248
TUBO C DIAM 323,80 x 12,70;;m;Tubos;97.43685586344628;1.017248
TUBO C DIAM 355,60 x 6,35;;m;Tubos;54.69273852508616;1.11715
TUBO C DIAM 355,60 x 7,95;;m;Tubos;68.15989171782383;1.11715
TUBO C DIAM 355,60 x 9,53;;m;Tubos;81.334796243342;1.11715
TUBO C DIAM 355,60 x 11,10;;m;Tubos;94.3043518374033;1.11715
TUBO C DIAM 355,60 x 12,70;;m;Tubos;107.39665019471464;1.11715
TUBO C DIAM 406,40 x 6,35;;m;Tubos;62.64804594691688;1.276743
TUBO C DIAM 406,40 x 7,95;;m;Tubos;78.1196860490922;1.276743
TUBO C DIAM 406,40 x 9,53;;m;Tubos;93.27402139768006;1.276743
TUBO C DIAM 406,40 x 11,10;;m;Tubos;108.21047977162709;1.276743
TUBO C DIAM 406,40 x 12,70;;m;Tubos;123.30726503837607;1.276743
TUBO C DIAM 457,20 x 6,35;;m;Tubos;70.60335336874759;1.436336
TUBO C DIAM 457,20 x 7,95;;m;Tubos;88.07948038036058;1.436336
TUBO C DIAM 457,20 x 9,53;;m;Tubos;105.21324655201812;1.436336
TUBO C DIAM 457,20 x 11,10;;m;Tubos;122.11660770585085;1.436336
TUBO C DIAM 457,20 x 12,70;;m;Tubos;139.2178798820375;1.436336
TUBO C DIAM 508,20 x 6,35;;m;Tubos;78.58998089853827;1.596557
TUBO C DIAM 508,20 x 9,53;;m;Tubos;117.19947652979845;1.596557
TUBO C DIAM 508,20 x 12,70;;m;Tubos;155.19113494161883;1.596557
TUBO C DIAM 508,20 x 15,87;;m;Tubos;192.6871514118977;1.596557
TUBO C DIAM 558,80 x 6,35;;m;Tubos;86.51396821240901;1.755522
TUBO C DIAM 558,80 x 9,53;;m;Tubos;129.09169686069424;1.755522
TUBO C DIAM 558,80 x 12,70;;m;Tubos;171.0391095693603;1.755522
TUBO C DIAM 609,60 x 6,35;;m;Tubos;94.46927563423974;1.915115
TUBO C DIAM 609,60 x 9,53;;m;Tubos;141.0309220150323;1.915115
TUBO C DIAM 609,60 x 12,70;;m;Tubos;186.94972441302178;1.915115
TUBO C DIAM 609,60 x 15,87;;m;Tubos;232.37288486946974;1.915115
TUBO C DIAM 762,00 x 7,92;;m;Tubos;147.28622576595114;2.393894
TUBO C DIAM 762,00 x 9,53;;m;Tubos;176.8485974780465;2.393894
TUBO C DIAM 762,00 x 12,70;;m;Tubos;234.68156894400613;2.393894
TUBO C DIAM 762,00 x 15,87;;m;Tubos;292.0188984684241;2.393894
TUBO C DIAM 914,40 x 7,92;;m;Tubos;177.05285637110038;2.872672
TUBO C DIAM 914,40 x 9,53;;m;Tubos;212.6662729410607;2.872672
TUBO C DIAM 914,40 x 12,70;;m;Tubos;282.41341347499036;2.872672
TUBO C DIAM 914,40 x 15,87;;m;Tubos;351.6649120673784;2.872672
TUBO C DIAM 914,40 x 19,05;;m;Tubos;420.636879929299;2.872672
TUBO C DIAM 1.066,80 x 9,53;;m;Tubos;248.48394840407482;3.351451
TUBO C DIAM 1.066,80 x 11,10;;m;Tubos;288.99014291653606;3.351451
TUBO C DIAM 1.066,80 x 12,70;;m;Tubos;330.14525800597465;3.351451
TUBO C DIAM 1.066,80 x 15,87;;m;Tubos;411.3109256663328;3.351451
TUBO C DIAM 1.066,80 x 19,05;;m;Tubos;492.23464672577546;3.351451
TUBO C DIAM 1.219,20 x 9,53;;m;Tubos;284.3016238670891;3.83023
TUBO C DIAM 1.219,20 x 11,10;;m;Tubos;330.7085267192074;3.83023
TUBO C DIAM 1.219,20 x 12,70;;m;Tubos;377.87710253695894;3.83023
TUBO C DIAM 1.219,20 x 15,87;;m;Tubos;470.9569392652872;3.83023
TUBO C DIAM 1.219,20 x 19,05;;m;Tubos;563.8324135222518;3.83023
TUBO C DIAM 1.320,80 x 9,53;;m;Tubos;308.1800741757651;4.149416
TUBO C DIAM 1.320,80 x 11,10;;m;Tubos;358.5207825876548;4.149416
TUBO C DIAM 1.320,80 x 12,70;;m;Tubos;409.69833222428167;4.149416
TUBO C DIAM 1.320,80 x 15,87;;m;Tubos;510.72094833125675;4.149416
TUBO C DIAM 1.320,80 x 19,05;;m;Tubos;611.5642580532361;4.149416
TUBO C DIAM 1.422,40 x 9,53;;m;Tubos;332.05852448444136;4.468601
TUBO C DIAM 1.422,40 x 11,10;;m;Tubos;386.33303845610243;4.468601
TUBO C DIAM 1.422,40 x 12,70;;m;Tubos;441.51956191160474;4.468601
TUBO C DIAM 1.422,40 x 15,87;;m;Tubos;550.4849573972265;4.468601
TUBO C DIAM 1.422,40 x 19,05;;m;Tubos;659.2961025842204;4.468601
TUBO C DIAM 1.524,00 x 9,53;;m;Tubos;355.93697479311743;4.787787
TUBO C DIAM 1.524,00 x 11,10;;m;Tubos;414.14529432454987;4.787787
TUBO C DIAM 1.524,00 x 12,70;;m;Tubos;473.3407915989275;4.787787
TUBO C DIAM 1.524,00 x 15,87;;m;Tubos;590.248966463196;4.787787
TUBO C DIAM 1.524,00 x 19,05;;m;Tubos;707.0279471152048;4.787787
TUBO C DIAM 1.828,80 x 9,53;;m;Tubos;427.57232571914585;5.745345
TUBO C DIAM 1.828,80 x 11,10;;m;Tubos;497.58206192989246;5.745345
TUBO C DIAM 1.828,80 x 12,70;;m;Tubos;568.804480660896;5.745345
TUBO C DIAM 1.828,80 x 15,87;;m;Tubos;709.5409936611047;5.745345
TUBO C DIAM 1.828,80 x 19,05;;m;Tubos;850.2234807081575;5.745345
PL 1/2''x1/8'';;m;Planchuela;0.316531625;0.05715
PL 1/2''x3/16'';;m;Planchuela;0.4747974374999999;0.060325
PL 1/2''x1/4'';;m;Planchuela;0.63306325;0.0635
PL 5/8''x1/8'';;m;Planchuela;0.39566453125;0.06985
PL 5/8''x3/16'';;m;Planchuela;0.5934967968749999;0.073025
PL 5/8''x1/4'';;m;Planchuela;0.7913290625;0.0762
PL 3/4''x1/8'';;m;Planchuela;0.4747974374999999;0.08255
PL 3/4''x3/16'';;m;Planchuela;0.7121961562499999;0.085725
PL 3/4''x1/4'';;m;Planchuela;0.9495948749999998;0.0889
PL 7/8''x1/8'';;m;Planchuela;0.5539303437499999;0.09525
PL 7/8''x3/16'';;m;Planchuela;0.8308955156249999;0.098425
PL 7/8''x1/4'';;m;Planchuela;1.1078606874999999;0.1016
PL 1''x1/8'';;m;Planchuela;0.63306325;0.10795
PL 1''x3/16'';;m;Planchuela;0.9495948749999998;0.111125
PL 1''x1/4'';;m;Planchuela;1.2661265;0.1143
PL 1''x5/16'';;m;Planchuela;1.582658125;0.117475
PL 1''x3/8'';;m;Planchuela;1.8991897499999997;0.12065
PL 1''x1/2'';;m;Planchuela;2.532253;0.127
PL 1 1/4''x1/8'';;m;Planchuela;0.7913290625;0.13335
PL 1 1/4''x3/16'';;m;Planchuela;1.1869935937499998;0.136525
PL 1 1/4''x1/4'';;m;Planchuela;1.582658125;0.1397
PL 1 1/4''x5/16'';;m;Planchuela;1.97832265625;0.142875
PL 1 1/4''x3/8'';;m;Planchuela;2.3739871874999996;0.14605
PL 1 1/4''x1/2'';;m;Planchuela;3.16531625;0.1524
PL 1 1/2''x1/8'';;m;Planchuela;0.9495948749999998;0.15875
PL 1 1/2''x3/16'';;m;Planchuela;1.4243923124999998;0.161925
PL 1 1/2''x1/4'';;m;Planchuela;1.8991897499999997;0.1651
PL 1 1/2''x5/16'';;m;Planchuela;2.3739871874999996;0.168275
PL 1 1/2''x3/8'';;m;Planchuela;2.8487846249999995;0.17145
PL 1 1/2''x1/2'';;m;Planchuela;3.7983794999999994;0.1778
PL 1 1/2''x5/8'';;m;Planchuela;4.747974374999999;0.18415
PL 1 3/4''x1/8'';;m;Planchuela;1.1078606874999999;0.18415
PL 1 3/4''x3/16'';;m;Planchuela;1.6617910312499997;0.187325
PL 1 3/4''x1/4'';;m;Planchuela;2.2157213749999998;0.1905
PL 1 3/4''x5/16'';;m;Planchuela;2.7696517187499996;0.193675
PL 1 3/4''x3/8'';;m;Planchuela;3.3235820624999994;0.19685
PL 1 3/4''x1/2'';;m;Planchuela;4.4314427499999995;0.2032
PL 2''x1/8'';;m;Planchuela;1.2661265;0.20955
PL 2''x3/16'';;m;Planchuela;1.8991897499999997;0.212725
PL 2''x1/4'';;m;Planchuela;2.532253;0.2159
PL 2''x5/16'';;m;Planchuela;3.16531625;0.219075
PL 2''x3/8'';;m;Planchuela;3.7983794999999994;0.22225
PL 2''x1/2'';;m;Planchuela;5.064506;0.2286
PL 2''x5/8'';;m;Planchuela;6.3306325;0.23495
PL 2''x3/4'';;m;Planchuela;7.596758999999999;0.2413
PL 2 1/4''x1/8'';;m;Planchuela;1.4243923125;0.23495
PL 2 1/4''x3/16'';;m;Planchuela;2.1365884687499994;0.238125
PL 2 1/4''x1/4'';;m;Planchuela;2.848784625;0.2413
PL 2 1/2''x1/8'';;m;Planchuela;1.582658125;0.26035
PL 2 1/2''x3/16'';;m;Planchuela;2.3739871874999996;0.263525
PL 2 1/2''x1/4'';;m;Planchuela;3.16531625;0.2667
PL 2 1/2''x5/16'';;m;Planchuela;3.9566453125;0.269875
PL 2 1/2''x3/8'';;m;Planchuela;4.747974374999999;0.27305
PL 2 1/2''x1/2'';;m;Planchuela;6.3306325;0.2794
PL 2 1/2''x5/8'';;m;Planchuela;7.913290625;0.28575
PL 2 1/2''x3/4'';;m;Planchuela;9.495948749999998;0.2921
PL 3''x1/8'';;m;Planchuela;1.8991897499999997;0.31115
PL 3''x3/16'';;m;Planchuela;2.8487846249999995;0.314325
PL 3''x1/4'';;m;Planchuela;3.7983794999999994;0.3175
PL 3''x5/16'';;m;Planchuela;4.747974374999999;0.320675
PL 3''x3/8'';;m;Planchuela;5.697569249999999;0.32385
PL 3''x1/2'';;m;Planchuela;7.596758999999999;0.3302
PL 3''x5/8'';;m;Planchuela;9.495948749999998;0.33655
PL 3''x3/4'';;m;Planchuela;11.395138499999998;0.3429
PL 3''x1'';;m;Planchuela;15.193517999999997;0.3556
PL 3 1/2''x1/8'';;m;Planchuela;2.2157213749999998;0.36195
PL 3 1/2''x3/16'';;m;Planchuela;3.3235820624999994;0.365125
PL 3 1/2''x1/4'';;m;Planchuela;4.4314427499999995;0.3683
PL 3 1/2''x5/16'';;m;Planchuela;5.539303437499999;0.371475
PL 3 1/2''x3/8'';;m;Planchuela;6.647164124999999;0.37465
PL 3 1/2''x1/2'';;m;Planchuela;8.862885499999999;0.381
PL 3 1/2''x5/8'';;m;Planchuela;11.078606874999998;0.38735
PL 3 1/2''x3/4'';;m;Planchuela;13.294328249999998;0.3937
PL 4''x1/8'';;m;Planchuela;2.532253;0.41275
PL 4''x3/16'';;m;Planchuela;3.7983794999999994;0.415925
PL 4''x1/4'';;m;Planchuela;5.064506;0.4191
PL 4''x5/16'';;m;Planchuela;6.3306325;0.422275
PL 4''x3/8'';;m;Planchuela;7.596758999999999;0.42545
PL 4''x1/2'';;m;Planchuela;10.129012;0.4318
PL 4''x5/8'';;m;Planchuela;12.661265;0.43815
PL 4''x3/4'';;m;Planchuela;15.193517999999997;0.4445
PL 4''x1'';;m;Planchuela;20.258024;0.4572
PL 5''x1/8'';;m;Planchuela;3.16531625;0.51435
PL 5''x3/16'';;m;Planchuela;4.747974374999999;0.517525
PL 5''x1/4'';;m;Planchuela;6.3306325;0.5207
PL 5''x5/16'';;m;Planchuela;7.913290625;0.523875
PL 5''x3/8'';;m;Planchuela;9.495948749999998;0.52705
PL 5''x1/2'';;m;Planchuela;12.661265;0.5334
PL 5''x5/8'';;m;Planchuela;15.82658125;0.53975
PL 5''x3/4'';;m;Planchuela;18.991897499999997;0.5461
PL 5''x1'';;m;Planchuela;25.32253;0.5588
PL 6''x1/8'';;m;Planchuela;3.7983794999999994;0.61595
PL 6''x3/16'';;m;Planchuela;5.697569249999999;0.619125
PL 6''x1/4'';;m;Planchuela;7.596758999999999;0.6223
PL 6''x5/16'';;m;Planchuela;9.495948749999998;0.625475
PL 6''x3/8'';;m;Planchuela;11.395138499999998;0.62865
PL 6''x1/2'';;m;Planchuela;15.193517999999997;0.635
PL 6''x5/8'';;m;Planchuela;18.991897499999997;0.64135
PL 6''x3/4'';;m;Planchuela;22.790276999999996;0.6477
PL 6''x1'';;m;Planchuela;30.387035999999995;0.6604
D 6,35;;m;Redondo;0.2486033569322098;0.019949
D 7,94;;m;Redondo;0.38868747208361254;0.024944
D 9,53;;m;Redondo;0.559944959256111;0.029939
D 11,11;;m;Redondo;0.7610052554576778;0.034903
D 12,70;;m;Redondo;0.9944134277288392;0.039898
D 14,29;;m;Redondo;1.2589949720210964;0.044893
D 15,88;;m;Redondo;1.5547498883344502;0.049888
D 17,46;;m;Redondo;1.8795246109778725;0.054852
D 19,05;;m;Redondo;2.237430212389889;0.059847
D 20,64;;m;Redondo;2.6265091858230005;0.064842
D 22,23;;m;Redondo;3.046761531277208;0.069838
D 23,81;;m;Redondo;3.4952506803624863;0.074801
D 25,40;;m;Redondo;3.977653710915357;0.079796
D 26,59;;m;Redondo;4.359093784001542;0.083535
D 26,99;;m;Redondo;4.4912301134893235;0.084792
D 28,58;;m;Redondo;5.035979888084386;0.089787
D 31,75;;m;Redondo;6.215083923305246;0.099746
D 34,93;;m;Redondo;7.522404958755984;0.109736
D 38,10;;m;Redondo;8.949720849559556;0.119695
D 41,28;;m;Redondo;10.506036743292002;0.129685
D 44,45;;m;Redondo;12.181564489678284;0.139644
D 47,63;;m;Redondo;13.986875241692442;0.149634
D 50,80;;m;Redondo;15.910614843661428;0.159593
D 52,39;;m;Redondo;16.922180962798816;0.164588
D 53,98;;m;Redondo;17.964920453957294;0.169583
D 57,15;;m;Redondo;20.13687191150899;0.179542
D 63,50;;m;Redondo;24.860335693220986;0.199491
SINUSOIDAL N° 22 DE 0,7 mm;;m2;CH CINCALUM;;
SINUSOIDAL N° 25 DE 0,5 mm;;m2;CH CINCALUM;;
SINUSOIDAL Nº 27 DE 0,4 mm;;m2;CH CINCALUM;;
T-101 N° 22 DE 0,7 mm;;m2;CH CINCALUM;;
T-101 N° 25 DE 0,5 mm;;m2;CH CINCALUM;;
SINUSOIDAL BLANCO OPALINO 0,8mm;;m2;CH PLASTICA;;
SINUSOIDAL TRANSLUCIDA 0,8mm;;m2;CH PLASTICA;;
T-101 BLANCO BLANCO OPALINO 1,0mm;;m2;CH PLASTICA;;
T-101 BLANCO TRANSLUCIDA 1,0mm;;m2;CH PLASTICA;;
SINUSOIDAL AZUL MILENIUM 0,5 mm;;m2;CH PREPINTADA;;
SINUSOIDAL BLANCO NIEVE 0,5 mm;;m2;CH PREPINTADA;;
SINUSOIDAL GRIS GRAFITO 0,5 mm;;m2;CH PREPINTADA;;
SINUSOIDAL NEGRO GRAFITO 0,5 mm;;m2;CH PREPINTADA;;
SINUSOIDAL ROJO TEJA 0,5 mm;;m2;CH PREPINTADA;;
SINUSOIDAL VERDE INGLES 0,5 mm;;m2;CH PREPINTADA;;
T-101. AZUL MILENIUM 0,5 mm;;m2;CH PREPINTADA;;
T-101. BLANCO NIEVE 0,5 mm;;m2;CH PREPINTADA;;
T-101. GRIS GRAFITO 0,5 mm;;m2;CH PREPINTADA;;
T-101. NEGRO GRAFITO 0,5 mm;;m2;CH PREPINTADA;;
T-101. ROJO TEJA 0,5 mm;;m2;CH PREPINTADA;;
T-101. VERDE INGLES 0,5 mm;;m2;CH PREPINTADA;;
1220 X 2440 mm x 00.40 mm (Nº 27);;m2;CH GALVANIZADA;;1.22
1220 X 2440 mm x 00.50 mm (Nº 25);;m2;CH GALVANIZADA;;1.22
1220 X 2440 mm x 00.70 mm (Nº 22);;m2;CH GALVANIZADA;;1.22
1220 X 2440 mm x 00.90 mm (Nº 20);;m2;CH GALVANIZADA;;1.22
1220 X 2440 mm x 01.25 mm (Nº 18);;m2;CH GALVANIZADA;;1.22
1220 X 2440 mm x 01.60 mm (Nº 16);;m2;CH GALVANIZADA;;1.22
1220 X 2440 mm x 02.00 mm (Nº 14);;m2;CH GALVANIZADA;;1.22
1220 X 2440 mm x 02.50 mm (Nº 12);;m2;CH GALVANIZADA;;1.22
TS404021;;m2;GRA Estandar;21.0;
TS404025;;m2;GRA Estandar;25.0;
TS404031;;m2;GRA Estandar;31.0;
TS305024;;m2;GRA Estandar;24.0;
TS305028;;m2;GRA Estandar;28.0;
TS305035;;m2;GRA Estandar;35.0;
TS303032;;m2;GRA Estandar;32.0;
TS303037;;m2;GRA Estandar;37.0;
TS3010049;;m2;GRA Estandar Pesado;49.0;
TS3010058;;m2;GRA Estandar Pesado;58.0;
TS3010077;;m2;GRA Estandar Pesado;77.0;
TE404023;;m2;GRA Electroforjada;23.0;
TE404028;;m2;GRA Electroforjada;28.0;
TE345026;;m2;GRA Electroforjada;26.0;
TE345031;;m2;GRA Electroforjada;31.0;
TE3010027;;m2;GRA Electroforjada;27.0;
TE3010033;;m2;GRA Electroforjada;33.0;
TE305029;;m2;GRA Electroforjada;29.0;
TE305035;;m2;GRA Electroforjada;35.0;
TE3010040;;m2;GRA Electroforjada Pesada;40.0;
TE3010041;;m2;GRA Electroforjada Pesada;41.0;
TE3010049;;m2;GRA Electroforjada Pesada;49.0;
TE3010059;;m2;GRA Electroforjada Pesada;59.0;
TE3010079;;m2;GRA Electroforjada Pesada;79.0;
ES404021 L=500;;m2;GRA Escalon;3.15;
ES404021 L=600;;m2;GRA Escalon;3.78;
ES404021 L=700;;m2;GRA Escalon;4.41;
ES404021 L=800;;m2;GRA Escalon;5.04;
ES404021 L=900;;m2;GRA Escalon;5.67;
ES404021 L=1000;;m2;GRA Escalon;6.3;
ES404021 L=1100;;m2;GRA Escalon;6.93;
ES404021 L=1200;;m2;GRA Escalon;7.56;
