descripcion;m2_per_m
UPN 80;0.34
UPN 100;0.408
UPN 120;0.46
UPN 140;0.52
UPN 160;0.58
UPN 180;0.64
UPN 200;0.7
UPN 220;0.76
UPN 240;0.82
UPN 260;0.88
UPN 280;0.94
UPN 300;1
UPN 320;1.04
UPN 400;1.24
LPN 32x3,2;0.128
LPN 32x4,8;0.128
LPN 38x3,2;0.152
LPN 38x4,8;0.152
LPN 38x6,4;0.152
LPN 45x3,2;0.18
LPN 45x4,8;0.18
LPN 51x3,2;0.204
LPN 51x4,8;0.204
LPN 51x6,4;0.204
LPN 64x4,8;0.256
LPN 64x6,4;0.256
LPN 64x7,9;0.256
LPN 64x9,5;0.256
LPN 76x6,4;0.304
LPN 76x7,9;0.304
LPN 76x9,5;0.304
LPN 89x6,4;0.356
LPN 89x7,9;0.356
LPN 89x9,5;0.356
LPN 102x6.4;0.408
LPN 102x7,9;0.408
LPN 102x9,5;0.408
LPN 102x12,7;0.408
W 150 x 13,0;0.696
W 150 x 13,5;0.7
W 150 x 18,0;0.714
W 150 x 24,0;0.728
W 200 x 15,0;0.8
W 200 x 19,3;0.814
W 200 x 22,5;0.82
W 200 x 26,6;0.946
W 200 x 31,3;0.956
W 250 x 17,9;0.906
W 250 x 22,3;0.916
W 250 x 25,3;0.922
W 250 x 28,4;0.928
W 250 x 32,7;1.1
W 250 x 38,5;1.112
W 250 x 44,8;1.124
W 310 x 21,0;1.01
W 310 x 23,8;1.014
W 310 x 28,3;1.026
W 310 x 32,7;1.034
W 310 x 38,7;1.28
W 310 x 44,5;1.29
W 310 x 52,0;1.302
W 360 x 32,9;1.206
W 360 x 39,0;1.218
W 360 x 44,0;1.388
W 360 x 51,0;1.394
W 360 x 57,8;1.404
W 360 x 64,0;1.506
W 360 x 72,0;1.516
W 360 x 79,0;1.528
W 410 x 38,8;1.358
W 410 x 46,1;1.366
W 410 x 53,0;1.514
W 410 x 60,0;1.526
W 410 x 67,0;1.536
W 410 x 75,0;1.546
W 410 x 85,0;1.558
W 460 x 52,0;1.508
W 460 x 60,0;1.522
W 460 x 68,0;1.534
W 460 x 74,0;1.674
W 460 x 82,0;1.684
W 460 x 89,0;1.694
W 460 x 97,0;1.704
W 460 x 106,0;1.714
W 530 x 66,0;1.71
W 530 x 72,0;1.876
W 530 x 74,0;1.722
W 530 x 82,0;1.892
W 530 x 85,0;1.734
W 530 x 92,0;1.902
W 530 x 101,0;1.914
W 530 x 109,0;1.922
W 610 x 82,0;1.91
W 610 x 101,0;2.118
W 610 x 113,0;2.128
W 610 x 125,0;2.14
W 610 x 140,0;2.154
W 610 x 155,0;2.518
W 610 x 174,0;2.532
W 150 x 22,5;0.912
W 150 x 29,8;0.926
W 150 x 37,1;0.94
W 200 x 35,9 (H);1.062
W 200 x 41,7 (H);1.074
W 200 x 46,1 (H);1.218
W 200 x 52,0 (H);1.228
W 200 x 53,0 (H);1.236
W 200 x 59,0 (H);1.24
W 200 x 71,0;1.256
W 200 x 86,0;1.28
HP 250 x 62,0 (H);1.516
W 250 x 73,0 (H);1.522
W 250 x 80,0;1.532
HP 250 x 85,0;1.548
W 250 x 89,0 (H);1.544
W 250 x 101,0 (H);1.556
W 250 x 115,0 (H);1.574
HP 310 x 79,0;1.822
HP 310 x 93,0;1.838
W 310 x 97,0;1.836
W 310 x 107,0;1.846
HP 310 x 110,0;1.856
W 310 x 117,0;1.856
HP 310 x 125,0;1.872
W 360 x 91,0;1.722
W 360 x 101,0;1.734
W 360 x 110,0;1.744
W 360 x 122,0;1.754
IPE 80;0.344
IPE 100;0.42
IPE 120;0.496
IPE 140;0.572
IPE 160;0.648
IPE 180;0.724
IPE 200;0.8
IPE 220;0.88
IPE 240;0.96
IPE 270;1.08
IPE 300;1.2
IPE 330;1.3
IPE 360;1.4
IPE 400;1.52
IPE 450;1.66
IPE 500;1.8
IPE 550;1.94
IPE 600;2.08
IPB 100;0.6
IPB 120;0.72
IPB 140;0.84
IPB 160;0.96
IPB 180;1.08
IPB 200;1.2
IPB 220;1.32
IPB 240;1.44
IPB 260;1.56
IPB 280;1.68
IPB 300;1.8
IPB 320;1.84
IPB 340;1.88
IPB 360;1.92
IPN 80;0.328
IPN 100;0.4
IPN 120;0.472
IPN 140;0.544
IPN 160;0.616
IPN 180;0.688
IPN 200;0.76
IPN 220;0.832
IPN 240;0.904
IPN 260;0.972
IPN 280;1.036
IPN 300;1.1
IPN 320;1.164
IPN 340;1.228
IPN 360;1.292
IPN 380;1.356
IPN 400;1.42
IPN 450;1.58
IPN 500;1.74
IPN 550;1.9
IPN 600;2.06
TUBO 12,5x12,5x1,2;0.05
TUBO 12,5x12,5x1,6;0.05
TUBO 15x15x1,2;0.06
TUBO 15x145x1,6;0.32
TUBO 10x20x1,2;0.06
TUBO 10x20x1,6;0.06
TUBO 15x20x1,2;0.07
TUBO 15x20x1,6;0.07
TUBO 20x20x1,2;0.08
TUBO 20x20x1,6;0.08
TUBO 20x20x2;0.08
TUBO 15x25x1,2;0.08
TUBO 15x25x1,6;0.08
TUBO 15x25x2;0.08
TUBO 10x30x1,2;0.08
TUBO 10x30x1,6;0.08
TUBO 10x30x2;0.08
TUBO 25x25x1,2;0.1
TUBO 25x25x1,6;0.1
TUBO 25x25x2;0.1
TUBO 20x30x1,2;0.1
TUBO 20x30x1,6;0.1
TUBO 20x30x2;0.1
TUBO 30x30x1,2;0.12
TUBO 30x30x1,6;0.12
TUBO 30x30x2;0.12
TUBO 30x30x3,2;0.12
TUBO 20x40x1,2;0.12
TUBO 20x40x1,6;0.12
TUBO 20x40x2;0.12
TUBO 20x40x3,2;0.12
TUBO 35x35x1,2;0.14
TUBO 35x35x1,6;0.14
TUBO 35x35x2;0.14
TUBO 35x35x3,2;0.14
TUBO 30x40x1,2;0.14
TUBO 30x40x1,6;0.14
TUBO 30x40x2;0.14
TUBO 30x40x3,2;0.14
TUBO 20x50x1,2;0.14
TUBO 20x50x1,6;0.14
TUBO 20x50x2;0.14
TUBO 20x50x3,2;0.14
TUBO 40x40x1,2;0.16
TUBO 40x40x1,6;0.16
TUBO 40x40x2;0.16
TUBO 40x40x3,2;0.16
TUBO 40x40x4;0.16
TUBO 30x50x1,2;0.16
TUBO 30x50x1,6;0.16
TUBO 30x50x2;0.16
TUBO 30x50x3,2;0.16
TUBO 30x50x4;0.16
TUBO 20x60x1,2;0.16
TUBO 20x60x1,6;0.16
TUBO 20x60x2;0.16
TUBO 20x60x3,2;0.16
TUBO 20x60x4;0.16
TUBO 45x45x1,2;0.18
TUBO 45x45x1,6;0.18
TUBO 45x45x2;0.18
TUBO 45x45x3,2;0.18
TUBO 45x45x4;0.18
TUBO 30x60x1,2;0.18
TUBO 30x60x1,6;0.18
TUBO 30x60x2;0.18
TUBO 30x60x3,2;0.18
TUBO 30x60x4;0.18
TUBO 40x50x1,2;0.18
TUBO 40x50x1,6;0.18
TUBO 40x50x2;0.18
TUBO 40x50x3,2;0.18
TUBO 40x50x4;0.18
TUBO 50x50x1,2;0.2
TUBO 50x50x1,6;0.2
TUBO 50x50x2;0.2
TUBO 50x50x3,2;0.2
TUBO 50x50x4;0.2
TUBO 50x50x4,75;0.2
TUBO 50x50x6,35;0.2
TUBO 40x60x1,2;0.2
TUBO 40x60x1,6;0.2
TUBO 40x60x2;0.2
TUBO 40x60x3,2;0.2
TUBO 40x60x4;0.2
TUBO 40x60x4,75;0.2
TUBO 40x60x6,35;0.2
TUBO 30x70x1,2;0.2
TUBO 30x70x1,6;0.2
TUBO 30x70x2;0.2
TUBO 30x70x3,2;0.2
TUBO 30x70x4;0.2
TUBO 30x70x4,75;0.2
TUBO 30x70x6,35;0.2
TUBO 60x60x1,2;0.24
TUBO 60x60x1,6;0.24
TUBO 60x60x2;0.24
TUBO 60x60x3,2;0.24
TUBO 60x60x4;0.24
TUBO 60x60x4,75;0.24
TUBO 60x60x6,35;0.24
TUBO 40x80x1,2;0.24
TUBO 40x80x1,6;0.24
TUBO 40x80x2;0.24
TUBO 40x80x3,2;0.24
TUBO 40x80x4;0.24
TUBO 40x80x4,75;0.24
TUBO 40x80x6,35;0.24
TUBO 70x70x1,2;0.28
TUBO 70x70x1,6;0.28
TUBO 70x70x2;0.28
TUBO 70x70x3,2;0.28
TUBO 70x70x4;0.28
TUBO 70x70x4,75;0.28
TUBO 70x70x6,35;0.28
TUBO 40x100x1,2;0.28
TUBO 40x100x1,6;0.28
TUBO 50x100x2;0.3
TUBO 40x100x3,2;0.28
TUBO 40x100x4;0.28
TUBO 40x100x4,75;0.28
TUBO 40x100x6,35;0.28
TUBO 80x80x1,6;0.32
TUBO 80x80x2;0.32
TUBO 80x80x3,2;0.32
TUBO 80x80x4;0.32
TUBO 80x80x4,75;0.32
TUBO 80x80x6,35;0.32
TUBO 60x100x1,6;0.32
TUBO 60x100x2;0.32
TUBO 60x100x3,2;0.32
TUBO 60x100x4;0.32
TUBO 60x100x4,75;0.32
TUBO 60x100x6,35;0.32
TUBO 40x120x1,6;0.32
TUBO 40x120x2;0.32
TUBO 40x120x3,2;0.32
TUBO 40x120x4;0.32
TUBO 40x120x4,75;0.32
TUBO 40x120x6,35;0.32
TUBO 90x90x1,6;0.36
TUBO 90x90x2;0.36
TUBO 90x90x3,2;0.36
TUBO 90x90x4;0.36
TUBO 90x90x4,75;0.36
TUBO 90x90x6,35;0.36
TUBO 80x100x1,6;0.36
TUBO 80x100x2;0.36
TUBO 80x100x3,2;0.36
TUBO 80x100x4;0.36
TUBO 80x100x4,75;0.36
TUBO 80x100x6,35;0.36
TUBO 60x120x1,6;0.36
TUBO 60x120x2;0.36
TUBO 60x120x3,2;0.36
TUBO 60x120x4;0.36
TUBO 60x120x4,75;0.36
TUBO 60x120x6,35;0.36
TUBO 100x100x1,6;0.4
TUBO 100x100x2;0.4
TUBO 100x100x3,2;0.4
TUBO 100x100x4;0.4
TUBO 100x100x4,75;0.4
TUBO 100x100x6,35;0.4
TUBO 80x120x1,6;0.4
TUBO 80x120x2;0.4
TUBO 80x120x3,2;0.4
TUBO 80x120x4;0.4
TUBO 80x120x4,75;0.4
TUBO 80x120x6,35;0.4
TUBO 60x140x1,6;0.4
TUBO 60x140x2;0.4
TUBO 60x140x3,2;0.4
TUBO 60x140x4;0.4
TUBO 60x140x4,75;0.4
TUBO 60x140x6,35;0.4
TUBO 110x110x3,2;0.44
TUBO 110x110x4;0.44
TUBO 110x110x4,75;0.44
TUBO 110x110x6,35;0.44
TUBO 80x140x3,2;0.44
TUBO 80x140x4;0.44
TUBO 80x140x4,75;0.44
TUBO 80x140x6,35;0.44
TUBO 100x120x3,2;0.44
TUBO 100x120x4;0.44
TUBO 100x120x4,75;0.44
TUBO 100x120x6,35;0.44
TUBO 120x120x3,2;0.48
TUBO 120x120x4;0.48
TUBO 120x120x4,75;0.48
TUBO 120x120x6,35;0.48
TUBO 100x140x3,2;0.48
TUBO 100x140x4;0.48
TUBO 100x140x4,75;0.48
TUBO 100x140x6,35;0.48
TUBO 110x140x3,2;0.5
TUBO 110x140x4;0.5
TUBO 110x140x4,75;0.5
TUBO 110x140x6,35;0.5
TUBO 130x130x3,2;0.52
TUBO 130x130x4;0.52
TUBO 130x130x4,75;0.52
TUBO 130x130x6,35;0.52
TUBO 100x160x3,2;0.52
TUBO 100x160x4;0.52
TUBO 100x160x4,75;0.52
TUBO 100x160x6,35;0.52
TUBO 120x140x3,2;0.52
TUBO 120x140x4;0.52
TUBO 120x140x4,75;0.52
TUBO 120x140x6,35;0.52
TUBO 140x140x6,35;0.56
TUBO 100x180x6,35;0.56
TUBO 150x150x6,35;0.6
TUBO 140x160x6,35;0.6
TUBO 120x180x6,35;0.6
TUBO 180x180x4,75;0.72
TUBO 180x180x6,35;0.72
TUBO 160x200x4,75;0.72
TUBO 160x200x6,35;0.72
TUBO 168xx6,35;0.336
TUBO 219xx6,35;0.438
TUBO 273xx9,27;0.546
TUBO 323xx9,5;0.646
TUBO 355xx9,5;0.71
C 48x23x10x1,6;0.228
C 48x23x10x2;0.228
C 60x40x15x1,6;0.34
C 60x40x15x2;0.34
C 60x40x20x2,5;0.36
C 60x40x20x3,2;0.36
C 80x40x15x1,6;0.38
C 80x40x15x2;0.38
C 80x40x15x2,5;0.38
C 80x40x20x3,2;0.4
C 80x50x15x1,6;0.42
C 80x50x15x2;0.42
C 80x50x20x2,5;0.44
C 80x50x20x3,2;0.44
C 100x40x15x1,6;0.42
C 100x40x15x2;0.42
C 100x40x15x2,5;0.42
C 100x40x20x3,2;0.44
C 100x50x15x1,6;0.46
C 100x50x15x2;0.46
C 100x50x20x2,5;0.48
C 100x50x20x3,2;0.48
C 120x50x15x1,6;0.5
C 120x50x15x2;0.5
C 120x50x20x2,5;0.52
C 120x50x20x3,2;0.52
C 140x50x20x1,6;0.56
C 140x50x20x2;0.56
C 140x50x20x2,5;0.56
C 140x50x20x3,2;0.56
C 140x60x20x1,6;0.6
C 140x60x20x2;0.6
C 140x60x20x2,5;0.6
C 140x60x20x3,2;0.6
C 140x80x30x2;0.72
C 140x80x30x2,5;0.72
C 140x80x30x3,2;0.72
C 140x80x30x4,75;0.72
C 140x100x30x4,75;0.8
C 150x50x20x1,6;0.58
C 150x50x20x2;0.58
C 150x50x20x2,5;0.58
C 150x50x20x3,2;0.58
C 160x50x20x1,6;0.6
C 160x50x20x2;0.6
C 160x50x20x2,5;0.6
C 160x50x20x3,2;0.6
C 160x60x20x1,6;0.64
C 160x60x20x2;0.64
C 160x60x20x2,5;0.64
C 160x60x20x3,2;0.64
C 160x80x30x4,75;0.76
C 160x100x30x4,75;0.84
C 180x70x25x2;0.74
C 180x70x25x2,5;0.74
C 180x70x25x3,2;0.74
C 180x80x30x2;0.8
C 180x80x30x2,5;0.8
C 180x80x30x3,2;0.8
C 180x80x30x4,75;0.8
C 180x100x30x4,75;0.88
C 200x60x20x2;0.72
C 200x60x20x2,5;0.72
C 200x60x20x3,2;0.72
C 200x80x30x2;0.84
C 200x80x30x2,5;0.84
C 200x80x30x3,2;0.84
C 200x80x30x4,75;0.84
C 200x100x30x3,2;0.92
C 200x100x30x4,75;0.92
C 220x80x30x2;0.88
C 220x80x30x2,5;0.88
C 220x80x30x3,2;0.88
C 220x80x30x4,75;0.88
C 220x100x30x3,2;0.96
C 220x100x30x4,75;0.96
C 240x80x30x2,5;0.92
C 240x80x30x3,2;0.92
C 240x80x30x4,75;0.92
C 240x100x30x3,2;1
C 240x100x30x4,75;1
C 260x80x30x2,5;0.96
C 260x80x30x3,2;0.96
C 260x80x30x4,75;0.96
C 260x100x30x3,2;1.04
C 260x100x30x4,75;1.04
C 280x80x30x2,5;1
C 280x80x30x3,2;1
C 280x80x30x4,75;1
C 280x100x30x2,5;1.08
C 280x100x30x3,2;1.08
C 280x100x30x4,75;1.08
C 300x80x30x2,5;1.04
C 300x80x30x3,2;1.04
C 300x80x30x4,75;1.04
C 300x90x30x2,5;1.08
C 300x90x30x3,2;1.08
C 300x90x30x4,75;1.08
C 300x100x35x3,2;1.14
C 300x100x35x4,75;1.14
C 320x80x35x3,2;1.1
C 320x80x35x4,75;1.1
C 320x100x35x3,2;1.18
C 320x100x35x4,75;1.18
C 340x80x35x3,2;1.14
C 340x80x35x4,75;1.14
C 340x100x35x3,2;1.22
C 340x100x35x4,75;1.22
C 360x80x35x3,2;1.18
C 360x80x35x4,75;1.18
C 360x100x35x3,2;1.26
C 360x100x35x4,75;1.26
C 380x80x35x3,2;1.22
C 380x80x35x4,75;1.22
C 380x100x35x3,2;1.3
C 380x100x35x4,75;1.3
C 400x80x35x3,2;1.26
C 400x80x35x4,75;1.26
C 400x100x35x3,2;1.34
C 400x100x35x4,75;1.34
C 420x80x35x3,2;1.3
C 420x80x35x4,75;1.3
C 420x100x35x3,2;1.38
C 420x100x35x4,75;1.38
C 440x80x35x3,2;1.34
C 440x80x35x4,75;1.34
C 440x100x35x3,2;1.42
C 440x100x35x4,75;1.42
C 460x80x35x3,2;1.38
C 460x80x35x4,75;1.38
C 460x100x35x3,2;1.46
C 460x100x35x4,75;1.46
C 480x80x35x3,2;1.42
C 480x80x35x4,75;1.42
C 480x100x35x3,2;1.5
C 480x100x35x4,75;1.5
C 500x80x30x4,75;1.44
C 500x100x35x4,75;1.54
U 40x30x1,6;0.2
U 40x30x2;0.2
U 40x30x2,5;0.2
U 40x30x3,2;0.2
U 50x35x1,6;0.24
U 50x35x2;0.24
U 50x35x2,5;0.24
U 50x35x3,2;0.24
U 50x35x4,75;0.24
U 60x40x1,6;0.28
U 60x40x2;0.28
U 60x40x2,5;0.28
U 60x40x3,2;0.28
U 60x40x4,75;0.28
U 80x40x1,6;0.32
U 80x40x2;0.32
U 80x40x2,5;0.32
U 80x40x3,2;0.32
U 80x40x4,75;0.32
U 80x50x1,6;0.36
U 80x50x2;0.36
U 80x50x2,5;0.36
U 80x50x3,2;0.36
U 80x50x4,75;0.36
U 100x50x1,6;0.4
U 100x50x2;0.4
U 100x50x2,5;0.4
U 100x50x3,2;0.4
U 100x50x4,75;0.4
U 120x50x1,6;0.44
U 120x50x2;0.44
U 120x50x2,5;0.44
U 120x50x3,2;0.44
U 120x50x4,75;0.44
U 140x60x1,6;0.52
U 140x60x2;0.52
U 140x60x2,5;0.52
U 140x60x3,2;0.52
U 140x60x4,75;0.52
U 140x80x3,2;0.6
U 140x80x4,75;0.6
U 140x80x6,35;0.6
U 140x100x3,2;0.68
U 140x100x4,75;0.68
U 140x100x6,35;0.68
U 160x60x2;0.56
U 160x60x2,5;0.56
U 160x60x3,2;0.56
U 160x60x4,75;0.56
U 160x80x3,2;0.64
U 160x80x4,75;0.64
U 160x80x6,35;0.64
U 170x50x2;0.54
U 170x50x2,5;0.54
U 170x50x3,2;0.54
U 170x50x4,75;0.54
U 180x60x2;0.6
U 180x60x2,5;0.6
U 180x60x3,2;0.6
U 180x60x4,75;0.6
U 180x70x2;0.64
U 180x70x2,5;0.64
U 180x70x3,2;0.64
U 180x70x4,75;0.64
U 180x80x3,2;0.68
U 180x80x4,75;0.68
U 180x80x6,35;0.68
U 180x100x3,2;0.76
U 180x100x4,75;0.76
U 180x100x6,35;0.76
U 190x50x2;0.58
U 190x50x2,5;0.58
U 190x50x3,2;0.58
U 190x50x4,75;0.58
U 200x60x2,5;0.64
U 200x60x3,2;0.64
U 200x60x4,75;0.64
U 200x60x6,35;0.64
U 200x80x2,5;0.72
U 200x80x3,2;0.72
U 200x80x4,75;0.72
U 200x80x6,35;0.72
U 200x100x3,2;0.8
U 200x100x4,75;0.8
U 200x100x6,35;0.8
U 220x80x2,5;0.76
U 220x80x3,2;0.76
U 220x80x4,75;0.76
U 220x80x6,35;0.76
U 220x100x3,2;0.84
U 220x100x4,75;0.84
U 220x100x6,35;0.84
U 240x80x2,5;0.8
U 240x80x3,2;0.8
U 240x80x4,75;0.8
U 240x80x6,35;0.8
U 240x100x3,2;0.88
U 240x100x4,75;0.88
U 240x100x6,35;0.88
U 260x80x2,5;0.84
U 260x80x3,2;0.84
U 260x80x4,75;0.84
U 260x80x6,35;0.84
U 260x100x3,2;0.92
U 260x100x4,75;0.92
U 260x100x6,35;0.92
U 280x80x2,5;0.88
U 280x80x3,2;0.88
U 280x80x4,75;0.88
U 280x80x6,35;0.88
U 280x100x3,2;0.96
U 280x100x4,75;0.96
U 280x100x6,35;0.96
U 300x80x4,75;0.92
U 300x80x6,35;0.92
U 300x90x4,75;0.96
U 300x90x6,35;0.96
U 300x100x4,75;1
U 300x100x6,35;1
U 320x80x4,75;0.96
U 320x80x6,35;0.96
U 320x90x4,75;1
U 320x90x6,35;1
U 320x100x4,75;1.04
U 320x100x6,35;1.04
U 340x80x6,35;1
U 340x90x4,75;1.04
U 340x90x6,35;1.04
U 340x100x4,75;1.08
U 340x100x6,35;1.08
U 360x80x4,75;1.04
U 360x80x6,35;1.04
U 360x90x4,75;1.08
U 360x90x6,35;1.08
U 380x80x4,75;1.08
U 380x80x6,35;1.08
U 380x90x4,75;1.12
U 380x90x6,35;1.12
U 380x100x4,75;1.16
U 380x100x6,35;1.16
U 400x80x4,75;1.12
U 400x80x6,35;1.12
U 400x90x4,75;1.16
U 400x90x6,35;1.16
U 400x100x4,75;1.2
U 400x100x6,35;1.2
U 420x80x4,75;1.16
U 420x80x6,35;1.16
U 420x90x4,75;1.2
U 420x90x6,35;1.2
U 420x100x4,75;1.24
U 420x100x6,35;1.24
U 440x80x4,75;1.2
U 440x80x6,35;1.2
U 440x90x4,75;1.24
U 440x90x6,35;1.24
U 440x100x4,75;1.28
U 440x100x6,35;1.28
U 460x90x4,75;1.28
U 460x90x6,35;1.28
U 480x90x4,75;1.32
U 480x90x6,35;1.32
U 500x80x4,75;1.32
U 500x80x6,35;1.32
U 500x90x4,75;1.36
U 500x90x6,35;1.36
U 500x100x4,75;1.4
U 500x100x6,35;1.4
U 520x80x4,75;1.36
U 520x80x6,35;1.36
U 520x90x4,75;1.4
U 520x90x6,35;1.4
U 520x100x4,75;1.44
U 520x100x6,35;1.44
U 540x80x4,75;1.4
U 540x80x6,35;1.4
U 540x90x4,75;1.44
U 540x90x6,35;1.44
U 540x100x4,75;1.48
U 540x100x6,35;1.48
U 560x80x4,75;1.44
U 560x80x6,35;1.44
U 560x90x4,75;1.48
U 560x90x6,35;1.48
U 560x100x4,75;1.52
U 560x100x6,35;1.52
U 580x80x4,75;1.48
U 580x80x6,35;1.48
U 580x90x4,75;1.52
U 580x90x6,35;1.52
U 580x100x4,75;1.56
U 580x100x6,35;1.56
U 600x90x4,75;1.56
U 600x90x6,35;1.56
U 600x100x4,75;1.6
U 600x100x6,35;1.6
ANG PL 25,4x2;0.1016
ANG PL 25,4x2,5;0.1016
ANG PL 25,4x3,2;0.1016
ANG PL 25,4x4,75;0.1016
ANG PL 31,8x2;0.1272
ANG PL 31,8x2,5;0.1272
ANG PL 31,8x3,2;0.1272
ANG PL 31,8x4,75;0.1272
ANG PL 38,1x2;0.1524
ANG PL 38,1x2,5;0.1524
ANG PL 38,1x3,2;0.1524
ANG PL 38,1x4,75;0.1524
ANG PL 44,5x2;0.178
ANG PL 44,5x2,5;0.178
ANG PL 44,5x3,2;0.178
ANG PL 44,5x4,75;0.178
ANG PL 50,8x2;0.2032
ANG PL 50,8x2,5;0.2032
ANG PL 50,8x3,2;0.2032
ANG PL 50,8x4,75;0.2032
ANG PL 50,8x6,35;0.2032
ANG PL 57,2x2;0.2288
ANG PL 57,2x2,5;0.2288
ANG PL 57,2x3,2;0.2288
ANG PL 57,2x4,75;0.2288
ANG PL 57,2x6,35;0.2288
ANG PL 63,5x2;0.254
ANG PL 63,5x2,5;0.254
ANG PL 63,5x3,2;0.254
ANG PL 63,5x4,75;0.254
ANG PL 63,5x6,35;0.254
ANG PL 76,2x2;0.3048
ANG PL 76,2x2,5;0.3048
ANG PL 76,2x3,2;0.3048
ANG PL 76,2x4,75;0.3048
ANG PL 76,2x6,35;0.3048
ANG PL 88,9x2;0.3556
ANG PL 88,9x2,5;0.3556
ANG PL 88,9x3,2;0.3556
ANG PL 88,9x4,75;0.3556
ANG PL 88,9x6,35;0.3556
ANG PL 101,6x2;0.4064
ANG PL 101,6x2,5;0.4064
ANG PL 101,6x3,2;0.4064
ANG PL 101,6x4,75;0.4064
ANG PL 101,6x6,35;0.4064
TUBO C DIAM 12,70 x 0,70;0.039898
TUBO C DIAM 12,70 x 0,90;0.039898
TUBO C DIAM 12,70 x 1,25;0.039898
TUBO C DIAM 12,70 x 1,60;0.039898
TUBO C DIAM 15,87 x 0,70;0.049857
TUBO C DIAM 15,87 x 0,90;0.049857
TUBO C DIAM 15,87 x 1,25;0.049857
TUBO C DIAM 15,87 x 1,60;0.049857
TUBO C DIAM 19,05 x 0,70;0.059847
TUBO C DIAM 19,05 x 0,90;0.059847
TUBO C DIAM 19,05 x 1,25;0.059847
TUBO C DIAM 19,05 x 1,60;0.059847
TUBO C DIAM 22,22 x 0,70;0.069806
TUBO C DIAM 22,22 x 0,90;0.069806
TUBO C DIAM 22,22 x 1,25;0.069806
TUBO C DIAM 22,22 x 1,60;0.069806
TUBO C DIAM 22,22 x 2,00;0.069806
TUBO C DIAM 25,40 x 0,70;0.079796
TUBO C DIAM 25,40 x 0,90;0.079796
TUBO C DIAM 25,40 x 1,25;0.079796
TUBO C DIAM 25,40 x 1,60;0.079796
TUBO C DIAM 25,40 x 2,00;0.079796
TUBO C DIAM 25,40 x 2,50;0.079796
TUBO C DIAM 31,75 x 0,90;0.099746
TUBO C DIAM 31,75 x 1,25;0.099746
TUBO C DIAM 31,75 x 1,60;0.099746
TUBO C DIAM 31,75 x 2,00;0.099746
TUBO C DIAM 31,75 x 2,50;0.099746
TUBO C DIAM 31,75 x 3,20;0.099746
TUBO C DIAM 38,10 x 0,90;0.119695
TUBO C DIAM 38,10 x 1,25;0.119695
TUBO C DIAM 38,10 x 1,60;0.119695
TUBO C DIAM 38,10 x 2,00;0.119695
TUBO C DIAM 38,10 x 2,50;0.119695
TUBO C DIAM 38,10 x 3,20;0.119695
TUBO C DIAM 44,45 x 0,90;0.139644
TUBO C DIAM 44,45 x 1,25;0.139644
TUBO C DIAM 44,45 x 1,60;0.139644
TUBO C DIAM 44,45 x 2,00;0.139644
TUBO C DIAM 44,45 x 2,50;0.139644
TUBO C DIAM 44,45 x 3,20;0.139644
TUBO C DIAM 50,80 x 0,90;0.159593
TUBO C DIAM 50,80 x 1,25;0.159593
TUBO C DIAM 50,80 x 1,60;0.159593
TUBO C DIAM 50,80 x 2,00;0.159593
TUBO C DIAM 50,80 x 2,50;0.159593
TUBO C DIAM 50,80 x 3,20;0.159593
TUBO C DIAM 57,15 x 0,90;0.179542
TUBO C DIAM 57,15 x 1,25;0.179542
TUBO C DIAM 57,15 x 1,60;0.179542
TUBO C DIAM 57,15 x 2,00;0.179542
TUBO C DIAM 57,15 x 2,50;0.179542
TUBO C DIAM 57,15 x 3,20;0.179542
TUBO C DIAM 63,50 x 1,25;0.199491
TUBO C DIAM 63,50 x 1,60;0.199491
TUBO C DIAM 63,50 x 2,00;0.199491
TUBO C DIAM 63,50 x 2,50;0.199491
TUBO C DIAM 63,50 x 3,20;0.199491
TUBO C DIAM 63,50 x 4,00;0.199491
TUBO C DIAM 76,20 x 1,60;0.239389
TUBO C DIAM 76,20 x 2,00;0.239389
TUBO C DIAM 76,20 x 2,50;0.239389
TUBO C DIAM 76,20 x 3,20;0.239389
TUBO C DIAM 76,20 x 4,00;0.239389
TUBO C DIAM 76,20 x 4,76;0.239389
TUBO C DIAM 88,90 x 2,50;0.279288
TUBO C DIAM 88,90 x 3,20;0.279288
TUBO C DIAM 88,90 x 4,00;0.279288
TUBO C DIAM 88,90 x 4,76;0.279288
TUBO C DIAM 88,90 x 5,50;0.279288
TUBO C DIAM 88,90 x 6,35;0.279288
TUBO C DIAM 101,60 x 2,00;0.319186
TUBO C DIAM 101,60 x 2,50;0.319186
TUBO C DIAM 101,60 x 3,20;0.319186
TUBO C DIAM 101,60 x 3,60;0.319186
TUBO C DIAM 101,60 x 4,00;0.319186
TUBO C DIAM 101,60 x 4,76;0.319186
TUBO C DIAM 101,60 x 5,50;0.319186
TUBO C DIAM 101,60 x 6,35;0.319186
TUBO C DIAM 114,30 x 3,20;0.359084
TUBO C DIAM 114,30 x 4,80;0.359084
TUBO C DIAM 114,30 x 6,02;0.359084
TUBO C DIAM 114,30 x 8,56;0.359084
TUBO C DIAM 114,30 x 12,70;0.359084
TUBO C DIAM 127,00 x 2,50;0.398982
TUBO C DIAM 127,00 x 3,20;0.398982
TUBO C DIAM 127,00 x 4,00;0.398982
TUBO C DIAM 127,00 x 4,76;0.398982
TUBO C DIAM 127,00 x 5,50;0.398982
TUBO C DIAM 127,00 x 6,35;0.398982
TUBO C DIAM 152,00 x 4,75;0.477522
TUBO C DIAM 168,30 x 3,20;0.52873
TUBO C DIAM 168,30 x 4,00;0.52873
TUBO C DIAM 168,30 x 4,76;0.52873
TUBO C DIAM 168,30 x 5,50;0.52873
TUBO C DIAM 168,30 x 6,35;0.52873
TUBO C DIAM 168,30 x 7,10;0.52873
TUBO C DIAM 219,10 x 4,00;0.688323
TUBO C DIAM 219,10 x 4,76;0.688323
TUBO C DIAM 219,10 x 5,50;0.688323
TUBO C DIAM 219,10 x 6,35;0.688323
TUBO C DIAM 219,10 x 7,95;0.688323
TUBO C DIAM 219,10 x 9,53;0.688323
TUBO C DIAM 219,10 x 11,10;0.688323
TUBO C DIAM 219,10 x 12,70;0.688323
TUBO C DIAM 273,00 x 6,35;0.857655
TUBO C DIAM 273,00 x 7,95;0.857655
TUBO C DIAM 273,00 x 9,53;0.857655
TUBO C DIAM 273,00 x 11,10;0.857655
TUBO C DIAM 273,00 x 12,70;0.857655
TUBO C DIAM 323,80 x 6,35;1.017248
TUBO C DIAM 323,80 x 7,95;1.017248
TUBO C DIAM 323,80 x 9,53;1.017248
TUBO C DIAM 323,80 x 11,10;1.017248
TUBO C DIAM 323,80 x 12,70;1.017248
TUBO C DIAM 355,60 x 6,35;1.11715
TUBO C DIAM 355,60 x 7,95;1.11715
TUBO C DIAM 355,60 x 9,53;1.11715
TUBO C DIAM 355,60 x 11,10;1.11715
TUBO C DIAM 355,60 x 12,70;1.11715
TUBO C DIAM 406,40 x 6,35;1.276743
TUBO C DIAM 406,40 x 7,95;1.276743
TUBO C DIAM 406,40 x 9,53;1.276743
TUBO C DIAM 406,40 x 11,10;1.276743
TUBO C DIAM 406,40 x 12,70;1.276743
TUBO C DIAM 457,20 x 6,35;1.436336
TUBO C DIAM 457,20 x 7,95;1.436336
TUBO C DIAM 457,20 x 9,53;1.436336
TUBO C DIAM 457,20 x 11,10;1.436336
TUBO C DIAM 457,20 x 12,70;1.436336
TUBO C DIAM 508,20 x 6,35;1.596557
TUBO C DIAM 508,20 x 9,53;1.596557
TUBO C DIAM 508,20 x 12,70;1.596557
TUBO C DIAM 508,20 x 15,87;1.596557
TUBO C DIAM 558,80 x 6,35;1.755522
TUBO C DIAM 558,80 x 9,53;1.755522
TUBO C DIAM 558,80 x 12,70;1.755522
TUBO C DIAM 609,60 x 6,35;1.915115
TUBO C DIAM 609,60 x 9,53;1.915115
TUBO C DIAM 609,60 x 12,70;1.915115
TUBO C DIAM 609,60 x 15,87;1.915115
TUBO C DIAM 762,00 x 7,92;2.393894
TUBO C DIAM 762,00 x 9,53;2.393894
TUBO C DIAM 762,00 x 12,70;2.393894
TUBO C DIAM 762,00 x 15,87;2.393894
TUBO C DIAM 914,40 x 7,92;2.872672
TUBO C DIAM 914,40 x 9,53;2.872672
TUBO C DIAM 914,40 x 12,70;2.872672
TUBO C DIAM 914,40 x 15,87;2.872672
TUBO C DIAM 914,40 x 19,05;2.872672
TUBO C DIAM 1.066,80 x 9,53;3.351451
TUBO C DIAM 1.066,80 x 11,10;3.351451
TUBO C DIAM 1.066,80 x 12,70;3.351451
TUBO C DIAM 1.066,80 x 15,87;3.351451
TUBO C DIAM 1.066,80 x 19,05;3.351451
TUBO C DIAM 1.219,20 x 9,53;3.83023
TUBO C DIAM 1.219,20 x 11,10;3.83023
TUBO C DIAM 1.219,20 x 12,70;3.83023
TUBO C DIAM 1.219,20 x 15,87;3.83023
TUBO C DIAM 1.219,20 x 19,05;3.83023
TUBO C DIAM 1.320,80 x 9,53;4.149416
TUBO C DIAM 1.320,80 x 11,10;4.149416
TUBO C DIAM 1.320,80 x 12,70;4.149416
TUBO C DIAM 1.320,80 x 15,87;4.149416
TUBO C DIAM 1.320,80 x 19,05;4.149416
TUBO C DIAM 1.422,40 x 9,53;4.468601
TUBO C DIAM 1.422,40 x 11,10;4.468601
TUBO C DIAM 1.422,40 x 12,70;4.468601
TUBO C DIAM 1.422,40 x 15,87;4.468601
TUBO C DIAM 1.422,40 x 19,05;4.468601
TUBO C DIAM 1.524,00 x 9,53;4.787787
TUBO C DIAM 1.524,00 x 11,10;4.787787
TUBO C DIAM 1.524,00 x 12,70;4.787787
TUBO C DIAM 1.524,00 x 15,87;4.787787
TUBO C DIAM 1.524,00 x 19,05;4.787787
TUBO C DIAM 1.828,80 x 9,53;5.745345
TUBO C DIAM 1.828,80 x 11,10;5.745345
TUBO C DIAM 1.828,80 x 12,70;5.745345
TUBO C DIAM 1.828,80 x 15,87;5.745345
TUBO C DIAM 1.828,80 x 19,05;5.745345
PL 1/2''x1/8'';0.05715
PL 1/2''x3/16'';0.060325
PL 1/2''x1/4'';0.0635
PL 5/8''x1/8'';0.06985
PL 5/8''x3/16'';0.073025
PL 5/8''x1/4'';0.0762
PL 3/4''x1/8'';0.08255
PL 3/4''x3/16'';0.085725
PL 3/4''x1/4'';0.0889
PL 7/8''x1/8'';0.09525
PL 7/8''x3/16'';0.098425
PL 7/8''x1/4'';0.1016
PL 1''x1/8'';0.10795
PL 1''x3/16'';0.111125
PL 1''x1/4'';0.1143
PL 1''x5/16'';0.117475
PL 1''x3/8'';0.12065
PL 1''x1/2'';0.127
PL 1 1/4''x1/8'';0.13335
PL 1 1/4''x3/16'';0.136525
PL 1 1/4''x1/4'';0.1397
PL 1 1/4''x5/16'';0.142875
PL 1 1/4''x3/8'';0.14605
PL 1 1/4''x1/2'';0.1524
PL 1 1/2''x1/8'';0.15875
PL 1 1/2''x3/16'';0.161925
PL 1 1/2''x1/4'';0.1651
PL 1 1/2''x5/16'';0.168275
PL 1 1/2''x3/8'';0.17145
PL 1 1/2''x1/2'';0.1778
PL 1 1/2''x5/8'';0.18415
PL 1 3/4''x1/8'';0.18415
PL 1 3/4''x3/16'';0.187325
PL 1 3/4''x1/4'';0.1905
PL 1 3/4''x5/16'';0.193675
PL 1 3/4''x3/8'';0.19685
PL 1 3/4''x1/2'';0.2032
PL 2''x1/8'';0.20955
PL 2''x3/16'';0.212725
PL 2''x1/4'';0.2159
PL 2''x5/16'';0.219075
PL 2''x3/8'';0.22225
PL 2''x1/2'';0.2286
PL 2''x5/8'';0.23495
PL 2''x3/4'';0.2413
PL 2 1/4''x1/8'';0.23495
PL 2 1/4''x3/16'';0.238125
PL 2 1/4''x1/4'';0.2413
PL 2 1/2''x1/8'';0.26035
PL 2 1/2''x3/16'';0.263525
PL 2 1/2''x1/4'';0.2667
PL 2 1/2''x5/16'';0.269875
PL 2 1/2''x3/8'';0.27305
PL 2 1/2''x1/2'';0.2794
PL 2 1/2''x5/8'';0.28575
PL 2 1/2''x3/4'';0.2921
PL 3''x1/8'';0.31115
PL 3''x3/16'';0.314325
PL 3''x1/4'';0.3175
PL 3''x5/16'';0.320675
PL 3''x3/8'';0.32385
PL 3''x1/2'';0.3302
PL 3''x5/8'';0.33655
PL 3''x3/4'';0.3429
PL 3''x1'';0.3556
PL 3 1/2''x1/8'';0.36195
PL 3 1/2''x3/16'';0.365125
PL 3 1/2''x1/4'';0.3683
PL 3 1/2''x5/16'';0.371475
PL 3 1/2''x3/8'';0.37465
PL 3 1/2''x1/2'';0.381
PL 3 1/2''x5/8'';0.38735
PL 3 1/2''x3/4'';0.3937
PL 4''x1/8'';0.41275
PL 4''x3/16'';0.415925
PL 4''x1/4'';0.4191
PL 4''x5/16'';0.422275
PL 4''x3/8'';0.42545
PL 4''x1/2'';0.4318
PL 4''x5/8'';0.43815
PL 4''x3/4'';0.4445
PL 4''x1'';0.4572
PL 5''x1/8'';0.51435
PL 5''x3/16'';0.517525
PL 5''x1/4'';0.5207
PL 5''x5/16'';0.523875
PL 5''x3/8'';0.52705
PL 5''x1/2'';0.5334
PL 5''x5/8'';0.53975
PL 5''x3/4'';0.5461
PL 5''x1'';0.5588
PL 6''x1/8'';0.61595
PL 6''x3/16'';0.619125
PL 6''x1/4'';0.6223
PL 6''x5/16'';0.625475
PL 6''x3/8'';0.62865
PL 6''x1/2'';0.635
PL 6''x5/8'';0.64135
PL 6''x3/4'';0.6477
PL 6''x1'';0.6604
D 6,35;0.019949
D 7,94;0.024944
D 9,53;0.029939
D 11,11;0.034903
D 12,70;0.039898
D 14,29;0.044893
D 15,88;0.049888
D 17,46;0.054852
D 19,05;0.059847
D 20,64;0.064842
D 22,23;0.069838
D 23,81;0.074801
D 25,40;0.079796
D 26,59;0.083535
D 26,99;0.084792
D 28,58;0.089787
D 31,75;0.099746
D 34,93;0.109736
D 38,10;0.119695
D 41,28;0.129685
D 44,45;0.139644
D 47,63;0.149634
D 50,80;0.159593
D 52,39;0.164588
D 53,98;0.169583
D 57,15;0.179542
D 63,50;0.199491
